Avengers: Endgame,3D
Avengers: Endgame,2D
Avengers: Endgame,3D-4DX
Jersey,2D
Kanchana 3,2D
Chitralahari,2D
Majili,2D
Kalank,2D
The Tashkent Files,2D
Dumbo,2D
The Curse Of The Weeping Woman,2D
Oru Yamandan Prema Kadha,2D
Blank,2D
How To Train Your Dragon: The Hidden World,2D
Diksoochi,2D
Idhi ChalaThakkuva,2D
Uyare,2D
Nuvvu Thopu Raa,2D
Setters,2D
A Dog's Way Home,2D
Uglydolls,2D
Okate Life,2D
Duppatlo Minnagu,2D
Geetha Chalo,2D
After,2D
Danger Love Story,2D
Total Dhamaal,2D
Romeo Akbar Walter,2D
Hellboy,2D
1978 A Teen Night Out,N/A
Gunwali Dulhaniya,N/A
Hansa Ek Sanyog,N/A
3rd Eye,N/A
K 13,N/A
Lucifer (Tamil),N/A
Rangupaduddi,N/A
Baalaa,N/A
Gara,N/A
Ombathane Adbutha,N/A
Loafers,N/A
Prakashante Metro,N/A
Ikkayude Shakadam,N/A
Blackia,N/A
Jind Jaan,N/A
Dil Diyan Gallan,N/A
Bau Na Vichaar,N/A
Bornodi Bhotiai,N/A
Maharshi,N/A
Student Of The Year 2,N/A
Chhota Bheem: Kung Fu Dhamaka,N/A
BRIGHTBURN,N/A
Pokemon Detective Pikachu,N/A
Ayogya,N/A
Neeya 2,N/A
Nagakanya,N/A
Khananam,N/A
Sorry,N/A
Ek Hota Pani,N/A
66 Sadashiv,N/A
Soojidaara,N/A
Anushka,N/A
Traya,N/A
Khanana,N/A
Jeem Boom Bhaa,N/A
Lukan Michi,N/A
15 Lakh Kadon Aauga,N/A
Konttho,N/A
Jalsaghar,N/A
Evadu Thakkuva Kadu,N/A
Sindhubaadh,N/A
Chase,N/A
De De Pyaar De,N/A
The Sun Is Also A Star,N/A
The Hustle,N/A
A Dogs Journey,N/A
John Wick: Chapter 3 - Parabellum,N/A
Mr. Local,N/A
ABCD: American Born Confused Desi,N/A
Rampaat,N/A
Ratnamanjarii,N/A
Gangstar vs State,N/A
Bhoot Chaturdashi,N/A
Wrong Number,N/A
Chhoriyan Chhoron Se Kam Nai Hoti,N/A
India's Most Wanted,N/A
Aladdin,N/A
Chaturnath,N/A
Ad Astra,N/A
Kolaigaran,N/A
Burra Katha,N/A
Judgement,N/A
D/O Parvathamma,N/A
Rakshapurushan,N/A
Muklawa,N/A
Chandigarh Amritsar Chandigarh,N/A
Durgeshgorer Guptodhon,N/A
Godzilla 2: King of the Monsters,N/A
MA,N/A
Rocketman,N/A
NGK,N/A
Devi 2,N/A
Dear Comrade,N/A
BaBo,N/A
Andolan,N/A
Bharat,N/A
Rakshasudu,N/A
Dastaan E Miri Piri,N/A
Kidnap,N/A
 X-Men: Dark Phoenix,N/A
Mogra Phulaalaa,N/A
Mental Hai Kya,N/A
Toy Story 4,N/A
Miracle,N/A
Kabir Singh,N/A
Shadaa,N/A
Drive,N/A
Annabelle Comes Home,N/A
Takatak,N/A
Adham,N/A
Manaroopa,N/A
Mindo Taseeldarni,N/A
Satellite Shankar,N/A
Spider-Man: Far From Home,N/A
Jabariya Jodi,N/A
Jai Mummy Di,N/A
A Biopic from the Film Industry,N/A
Top Gun: Maverick,N/A
Jaddi Sardar,N/A
The Lion King,N/A
Pal Pal Dil Ke Paas,N/A
Arjun Patiala,N/A
Smile Please,N/A
Super 30,N/A
Once Upon A Time In Hollywood,N/A
Hobbs and Shaw,N/A
Stuber,N/A
The New Mutants,N/A
Chase No Mercy to Crime,N/A
Dora And The Lost City Of Gold,N/A
Kalki,N/A
Artemis Fowl,N/A
Batla House,N/A
Made In China,N/A
Saaho,N/A
Ye Re Ye Re Paisa 2,N/A
Bayko Deta Ka Bayko,N/A
Naukar Vahuti Da,N/A
Chhichhore,N/A
Kaappaan,N/A
It: Chapter 2,N/A
Dream Girl,N/A
Spies In Disguise,N/A
Daaka,N/A
Nikka Zaildar 3,N/A
Abominable,N/A
Doorbeen,N/A
Gaalib,N/A
Rambo,N/A
Marjaavaan,N/A
The Woman In The Window,N/A
Joker,N/A
Gemini Man,N/A
Password,N/A
The Sky Is Pink,N/A
Jungle Cruise ,N/A
Pynngop,N/A
Maleficent 2,N/A
Kaithi,N/A
Jinde Meriye,N/A
ABCD 3,N/A
Street Dancer 3,N/A
Terminator,N/A
Frozen 2,N/A
Dil Bechara,N/A
Panipat,N/A
Pati Patni Aur Woh,N/A
Oka Tupaki Moodu Pittalu,N/A
Avengers: Endgame,3D
Avengers: Endgame,2D
Avengers: Endgame,IMAX-3D
Avengers: Endgame,3D-4DX
Avengers: Endgame,MX4D
The Tashkent Files,2D
KaaGaR,2D
Kalank,2D
Oru Yamandan Prema Kadha,2D
The Curse Of The Weeping Woman,2D
Kanchana 3,2D
Shazam!,2D
Wedding Cha Shinema,2D
Chaal Jeevi Laiye,2D
Romeo Akbar Walter,2D
Kesari,2D
Blank,2D
Dumbo,3D
Dumbo,2D
Jersey,2D
Uyare,2D
Luka Chuppi,2D
Kachindo,2D
Badla,2D
Uglydolls,2D
Junglee,2D
Gully Boy,2D
Dilwale Dulhania Le Jayenge,2D
Wonder Park,2D
A Dog's Way Home,2D
Hellboy,2D
Setters,2D
1978 A Teen Night Out,2D
After,2D
3rd Eye,2D
How To Train Your Dragon: The Hidden World,3D
Baalaa,2D
Hansa Ek Sanyog,2D
Basht,2D
Maa Kasam Badla Lunga,2D
Saiyaan Ji Dagabaaz,2D
Phalat,2D
Tarpan,2D
Devarattam,2D
Bau Na Vichaar,2D
Phir Ussi Mod Par Talaq,2D
Rang De Basanti,2D
99 (Kannada),2D
Gunwali Dulhaniya,N/A
K 13,N/A
Lucifer (Tamil),N/A
Nuvvu Thopu Raa,N/A
Okate Life,N/A
Rangupaduddi,N/A
Ombathane Adbutha,N/A
Gara,N/A
Loafers,N/A
Prakashante Metro,N/A
Ikkayude Shakadam,N/A
Jind Jaan,N/A
Blackia,N/A
Dil Diyan Gallan,N/A
Bornodi Bhotiai,N/A
Maharshi,N/A
Student Of The Year 2,N/A
Chhota Bheem: Kung Fu Dhamaka,N/A
BRIGHTBURN,N/A
Pokemon Detective Pikachu,N/A
Neeya 2,N/A
Ayogya,N/A
Khananam,N/A
Nagakanya,N/A
66 Sadashiv,N/A
Sorry,N/A
Ek Hota Pani,N/A
Anushka,N/A
Traya,N/A
Khanana,N/A
Soojidaara,N/A
Jeem Boom Bhaa,N/A
15 Lakh Kadon Aauga,N/A
Lukan Michi,N/A
Konttho,N/A
Jalsaghar,N/A
Evadu Thakkuva Kadu,N/A
Sindhubaadh,N/A
Chase,N/A
De De Pyaar De,N/A
A Dogs Journey,N/A
John Wick: Chapter 3 - Parabellum,N/A
The Sun Is Also A Star,N/A
The Hustle,N/A
Mr. Local,N/A
ABCD: American Born Confused Desi,N/A
Rampaat,N/A
Ratnamanjarii,N/A
Gangstar vs State,N/A
Wrong Number,N/A
Bhoot Chaturdashi,N/A
Chhoriyan Chhoron Se Kam Nai Hoti,N/A
India's Most Wanted,N/A
Aladdin,N/A
Chaturnath,N/A
Ad Astra,N/A
Kolaigaran,N/A
Burra Katha,N/A
Judgement,N/A
D/O Parvathamma,N/A
Rakshapurushan,N/A
Muklawa,N/A
Chandigarh Amritsar Chandigarh,N/A
Durgeshgorer Guptodhon,N/A
Godzilla 2: King of the Monsters,N/A
MA,N/A
Rocketman,N/A
NGK,N/A
Devi 2,N/A
Dear Comrade,N/A
BaBo,N/A
Andolan,N/A
Bharat,N/A
Rakshasudu,N/A
Dastaan E Miri Piri,N/A
Kidnap,N/A
 X-Men: Dark Phoenix,N/A
Mogra Phulaalaa,N/A
Mental Hai Kya,N/A
Toy Story 4,N/A
Miracle,N/A
Kabir Singh,N/A
Shadaa,N/A
Drive,N/A
Annabelle Comes Home,N/A
Takatak,N/A
Adham,N/A
Manaroopa,N/A
Mindo Taseeldarni,N/A
Satellite Shankar,N/A
Spider-Man: Far From Home,N/A
Jabariya Jodi,N/A
Jai Mummy Di,N/A
A Biopic from the Film Industry,N/A
Top Gun: Maverick,N/A
Jaddi Sardar,N/A
The Lion King,N/A
Pal Pal Dil Ke Paas,N/A
Arjun Patiala,N/A
Smile Please,N/A
Super 30,N/A
Once Upon A Time In Hollywood,N/A
Hobbs and Shaw,N/A
Stuber,N/A
The New Mutants,N/A
Chase No Mercy to Crime,N/A
Dora And The Lost City Of Gold,N/A
Kalki,N/A
Artemis Fowl,N/A
Batla House,N/A
Made In China,N/A
Saaho,N/A
Ye Re Ye Re Paisa 2,N/A
Bayko Deta Ka Bayko,N/A
Naukar Vahuti Da,N/A
Chhichhore,N/A
Kaappaan,N/A
It: Chapter 2,N/A
Dream Girl,N/A
Spies In Disguise,N/A
Daaka,N/A
Nikka Zaildar 3,N/A
Abominable,N/A
Doorbeen,N/A
Gaalib,N/A
Rambo,N/A
Marjaavaan,N/A
The Woman In The Window,N/A
Joker,N/A
Gemini Man,N/A
Password,N/A
The Sky Is Pink,N/A
Jungle Cruise ,N/A
Pynngop,N/A
Maleficent 2,N/A
Kaithi,N/A
Jinde Meriye,N/A
ABCD 3,N/A
Street Dancer 3,N/A
Terminator,N/A
Frozen 2,N/A
Dil Bechara,N/A
Panipat,N/A
Pati Patni Aur Woh,N/A
Oka Tupaki Moodu Pittalu,N/A
Yesu Kristu Rendava Rakada,N/A
Jumanji 3,N/A
Kosrakollikal,N/A
Avengers: Endgame,3D
Avengers: Endgame,IMAX-3D
Avengers: Endgame,2D
Kanchana 3,2D
Devarattam,2D
Jersey,2D
Vellai Pookal,2D
K 13,2D
Natpe Thunai,2D
Oru Yamandan Prema Kadha,2D
The Curse Of The Weeping Woman,2D
Uyare,2D
Super Deluxe,2D
Dumbo,3D
Dumbo,2D
The Tashkent Files,2D
Majili,2D
Kalank,2D
Lucifer ,2D
How To Train Your Dragon: The Hidden World,3D
Athiran,2D
Uriyadi 2,2D
Watchman,2D
Shazam!,2D
Captain Marvel,3D
Airaa,2D
Kesari,2D
Blank,2D
Lucifer (Tamil),2D
Romeo Akbar Walter,2D
A Dog's Way Home,2D
Arjun Reddy,2D
Setters,2D
Uglydolls,2D
Chanakyan,2D
After,2D
1978 A Teen Night Out,N/A
Gunwali Dulhaniya,N/A
Hansa Ek Sanyog,N/A
3rd Eye,N/A
Nuvvu Thopu Raa,N/A
Okate Life,N/A
Rangupaduddi,N/A
Baalaa,N/A
Gara,N/A
Ombathane Adbutha,N/A
Loafers,N/A
Prakashante Metro,N/A
Ikkayude Shakadam,N/A
Blackia,N/A
Jind Jaan,N/A
Dil Diyan Gallan,N/A
Bau Na Vichaar,N/A
Bornodi Bhotiai,N/A
Maharshi,N/A
Student Of The Year 2,N/A
Chhota Bheem: Kung Fu Dhamaka,N/A
BRIGHTBURN,N/A
Pokemon Detective Pikachu,N/A
Ayogya,N/A
Neeya 2,N/A
Nagakanya,N/A
Khananam,N/A
Sorry,N/A
Ek Hota Pani,N/A
66 Sadashiv,N/A
Soojidaara,N/A
Anushka,N/A
Traya,N/A
Khanana,N/A
Jeem Boom Bhaa,N/A
Lukan Michi,N/A
15 Lakh Kadon Aauga,N/A
Konttho,N/A
Jalsaghar,N/A
Evadu Thakkuva Kadu,N/A
Sindhubaadh,N/A
Chase,N/A
De De Pyaar De,N/A
The Sun Is Also A Star,N/A
The Hustle,N/A
A Dogs Journey,N/A
John Wick: Chapter 3 - Parabellum,N/A
Mr. Local,N/A
ABCD: American Born Confused Desi,N/A
Rampaat,N/A
Ratnamanjarii,N/A
Gangstar vs State,N/A
Bhoot Chaturdashi,N/A
Wrong Number,N/A
Chhoriyan Chhoron Se Kam Nai Hoti,N/A
India's Most Wanted,N/A
Aladdin,N/A
Chaturnath,N/A
Ad Astra,N/A
Kolaigaran,N/A
Burra Katha,N/A
Judgement,N/A
D/O Parvathamma,N/A
Rakshapurushan,N/A
Muklawa,N/A
Chandigarh Amritsar Chandigarh,N/A
Durgeshgorer Guptodhon,N/A
Godzilla 2: King of the Monsters,N/A
MA,N/A
Rocketman,N/A
NGK,N/A
Devi 2,N/A
Dear Comrade,N/A
BaBo,N/A
Andolan,N/A
Bharat,N/A
Rakshasudu,N/A
Dastaan E Miri Piri,N/A
Kidnap,N/A
 X-Men: Dark Phoenix,N/A
Mogra Phulaalaa,N/A
Mental Hai Kya,N/A
Toy Story 4,N/A
Miracle,N/A
Kabir Singh,N/A
Shadaa,N/A
Drive,N/A
Annabelle Comes Home,N/A
Takatak,N/A
Adham,N/A
Manaroopa,N/A
Mindo Taseeldarni,N/A
Satellite Shankar,N/A
Spider-Man: Far From Home,N/A
Jabariya Jodi,N/A
Jai Mummy Di,N/A
A Biopic from the Film Industry,N/A
Top Gun: Maverick,N/A
Jaddi Sardar,N/A
The Lion King,N/A
Pal Pal Dil Ke Paas,N/A
Arjun Patiala,N/A
Smile Please,N/A
Super 30,N/A
Once Upon A Time In Hollywood,N/A
Hobbs and Shaw,N/A
Stuber,N/A
The New Mutants,N/A
Chase No Mercy to Crime,N/A
Dora And The Lost City Of Gold,N/A
Kalki,N/A
Artemis Fowl,N/A
Batla House,N/A
Made In China,N/A
Saaho,N/A
Ye Re Ye Re Paisa 2,N/A
Bayko Deta Ka Bayko,N/A
Naukar Vahuti Da,N/A
Chhichhore,N/A
Kaappaan,N/A
It: Chapter 2,N/A
Dream Girl,N/A
Spies In Disguise,N/A
Daaka,N/A
Nikka Zaildar 3,N/A
Abominable,N/A
Doorbeen,N/A
Gaalib,N/A
Rambo,N/A
Marjaavaan,N/A
The Woman In The Window,N/A
Joker,N/A
Gemini Man,N/A
Password,N/A
The Sky Is Pink,N/A
Jungle Cruise ,N/A
Pynngop,N/A
Maleficent 2,N/A
Kaithi,N/A
Jinde Meriye,N/A
ABCD 3,N/A
Street Dancer 3,N/A
Terminator,N/A
Frozen 2,N/A
Dil Bechara,N/A
Panipat,N/A
Pati Patni Aur Woh,N/A
Oka Tupaki Moodu Pittalu,N/A
