ASIN,FileName,ImageURL,Title,Author,CategoryID,Category
1623439671,1623439671.jpg,http://ecx.images-amazon.com/images/I/61t-hrSw9BL.jpg,Doug the Pug 2016 Wall Calendar,Doug the Pug,3,Calendars
1578052084,1578052084.jpg,http://ecx.images-amazon.com/images/I/51Ry4Tsq6xL.jpg,Sierra Club Engagement Calendar 2016,Sierra Club,3,Calendars
1578052076,1578052076.jpg,http://ecx.images-amazon.com/images/I/619KxYEqS0L.jpg,Sierra Club Wilderness Calendar 2016,Sierra Club,3,Calendars
1449468713,1449468713.jpg,http://ecx.images-amazon.com/images/I/61tNsiueA%2BL.jpg,Thomas Kinkade: The Disney Dreams Collection 2016 Wall Calendar,Thomas Kinkade,3,Calendars
1449465145,1449465145.jpg,http://ecx.images-amazon.com/images/I/51Iy7WilFxL.jpg,Dilbert 2016 Day-to-Day Calendar,Scott Adams,3,Calendars
1449461581,1449461581.jpg,http://ecx.images-amazon.com/images/I/61-4emum9GL.jpg,Mary Engelbreit 2016 Deluxe Wall Calendar: Never Give Up,Mary Engelbreit,3,Calendars
1492612766,1492612766.jpg,http://ecx.images-amazon.com/images/I/61wavSXhNBL.jpg,2016 Amy Knapp Big Grid Wall Calendar: The essential organization and communication tool for the entire family,Amy Knapp,3,Calendars
1416299114,1416299114.jpg,http://ecx.images-amazon.com/images/I/513V7qsFkGL.jpg,Outlander 2016 Wall Calendar,Starz,3,Calendars
1579656250,1579656250.jpg,http://ecx.images-amazon.com/images/I/61Ta%2BCKbxXL.jpg,Audubon Nature Wall Calendar 2016,National Audubon Society,3,Calendars
1492621110,1492621110.jpg,http://ecx.images-amazon.com/images/I/61KXQDQrC9L.jpg,2016 National Park Foundation Wall Calendar,National Parks Foundation,3,Calendars
1449461573,1449461573.jpg,http://ecx.images-amazon.com/images/I/61RyS5s46pL.jpg,Mary Engelbreit 2016 Day-to-Day Calendar: Enjoy the Joy,Mary Engelbreit,3,Calendars
1452142068,1452142068.jpg,http://ecx.images-amazon.com/images/I/617wmIWgfKL.jpg,Grumpy Cat 2016 Wall Calendar,Grumpy Cat,3,Calendars
1629054232,1629054232.jpg,http://ecx.images-amazon.com/images/I/61R04xdZ93L.jpg,MAXINE  Year-In-A-Box Calendar (2016),Year-In-A-Box,3,Calendars
1416297782,1416297782.jpg,http://ecx.images-amazon.com/images/I/61oOb5W8wTL.jpg,Walking Dead 2016 Wall Calendar,Amc,3,Calendars
1449465080,1449465080.jpg,http://ecx.images-amazon.com/images/I/51YRmX-s7lL.jpg,The Complete Runner's Day-by-Day Log 2016 Calendar,Marty Jerome,3,Calendars
1419716174,1419716174.jpg,http://ecx.images-amazon.com/images/I/61MdZuBnl1L.jpg,French Country Diary 2016 Calendar,Linda Dannenberg,3,Calendars
1449470580,1449470580.jpg,http://ecx.images-amazon.com/images/I/51zJXRG0vDL.jpg,Pusheen the Cat 2016 Wall Calendar,Claire Belton,3,Calendars
1449469418,1449469418.jpg,http://ecx.images-amazon.com/images/I/61XddBaacLL.jpg,Posh: Coloring 2016 Day-to-Day Calendar: For Fun & Relaxation,Thaneeya McArdle,3,Calendars
1449461778,1449461778.jpg,http://ecx.images-amazon.com/images/I/51Vtt8Y-nfL.jpg,Mary Engelbreit 2016 Weekly Planner Calendar: Smile! It's Good For  You,Mary Engelbreit,3,Calendars
1571986774,1571986774.jpg,http://ecx.images-amazon.com/images/I/61wXvJfaaUL.jpg,The Old Farmer's Almanac 2016 Gardening Calendar,Old Farmer�E��Es Almanac,3,Calendars
1449461735,1449461735.jpg,http://ecx.images-amazon.com/images/I/51EuM813ZdL.jpg,Mary Engelbreit 2016 Monthly Pocket Planner: Just Being ME!,Mary Engelbreit,3,Calendars
1624382487,1624382487.jpg,http://ecx.images-amazon.com/images/I/51%2BhWvBDx4L.jpg,2016 Someecards Daily Desktop Calendar,Someecards,3,Calendars
1441317147,1441317147.jpg,http://ecx.images-amazon.com/images/I/61IwcIjSPbL.jpg,"2016 Almond Blossoms Weekly Planner (16-Month Engagement Calendar, Diary)",Peter Pauper Press,3,Calendars
1579656242,1579656242.jpg,http://ecx.images-amazon.com/images/I/51WfP8jnphL.jpg,Audubon Engagement Calendar 2016,National Audubon Society,3,Calendars
1579656358,1579656358.jpg,http://ecx.images-amazon.com/images/I/51NV1B6QyoL.jpg,Audubon Birds Page-A-Day Gallery Calendar 2016,National Audubon Society,3,Calendars
1419717200,1419717200.jpg,http://ecx.images-amazon.com/images/I/71LV1ulU-aL.jpg,Chihuly 2016 Wall Calendar,Dale Chihuly,3,Calendars
1419716050,1419716050.jpg,http://ecx.images-amazon.com/images/I/618X%2BeUYOmL.jpg,The Legend of Zelda 2016 Wall Calendar,Nintendo,3,Calendars
1629052256,1629052256.jpg,http://ecx.images-amazon.com/images/I/61wNPOvv0qL.jpg,Once Upon a Time Wall Calendar (2016),Day Dream,3,Calendars
1449466338,1449466338.jpg,http://ecx.images-amazon.com/images/I/6153Nhq1s3L.jpg,Thomas Kinkade Painter of Light 2016 Deluxe Wall Calendar,Thomas Kinkade,3,Calendars
1629054321,1629054321.jpg,http://ecx.images-amazon.com/images/I/51cOjmhuEeL.jpg,Grumpy Cat Year-In-A-Box Calendar (2016),Year-In-A-Box,3,Calendars
1622266706,1622266706.jpg,http://ecx.images-amazon.com/images/I/61KSyqBLIBL.jpg,"Orange Circle Studio 17-Month 2016 Do It All Magnetic Wall Calendar, Mom's Do It All",Orange Circle Studios,3,Calendars
1441311475,1441311475.jpg,http://ecx.images-amazon.com/images/I/61UYEKBuoIL.jpg,"2016 Celestial Weekly Planner (16-Month Engagement Calendar, Diary)",Peter Pauper Press,3,Calendars
1441311513,1441311513.jpg,http://ecx.images-amazon.com/images/I/51tXoPMvgDL.jpg,"2016 Up Up & Away Weekly Planner (16-Month Engagement Calendar, Diary)",Peter Pauper Press,3,Calendars
1629051608,1629051608.jpg,http://ecx.images-amazon.com/images/I/61KuNN4uqBL.jpg,Charles Wysocki - Americana Wall Calendar (2016),AMCAL,3,Calendars
1419716077,1419716077.jpg,http://ecx.images-amazon.com/images/I/610AgD8KBYL.jpg,Super Mario Brothers 2016 Wall Calendar,Nintendo,3,Calendars
1438843399,1438843399.jpg,http://ecx.images-amazon.com/images/I/51OqF6II4IL.jpg,Supernatural 2016 Wall Calendar,Trends International,3,Calendars
1629052183,1629052183.jpg,http://ecx.images-amazon.com/images/I/61l%2BMvJ07RL.jpg,The Nightmare Before Christmas Wall Calendar (2016),Day Dream,3,Calendars
1492612774,1492612774.jpg,http://ecx.images-amazon.com/images/I/514NK9UOZ3L.jpg,2016 Amy Knapp Family Organizer,Amy Knapp,3,Calendars
1616204710,1616204710.jpg,http://ecx.images-amazon.com/images/I/61GNZIj0s1L.jpg,Out on the Porch Wall Calendar 2016,Workman Publishing,3,Calendars
1622267281,1622267281.jpg,http://ecx.images-amazon.com/images/I/6179cGx4s7L.jpg,"Orange Circle Studio 17-Month 2016 Do It All Magnetic Wall Calendar, Secret Garden",Orange Circle Studios,3,Calendars
1449465625,1449465625.jpg,http://ecx.images-amazon.com/images/I/71W9X1dXrPL.jpg,Sugar Skulls 2016 Wall Calendar,Thaneeya McArdle,3,Calendars
1416299025,1416299025.jpg,http://ecx.images-amazon.com/images/I/51txZF3QA4L.jpg,Outlander 2016 Boxed/Daily Calendar,Starz,3,Calendars
1452122261,1452122261.jpg,http://ecx.images-amazon.com/images/I/61%2B72-JOVbL.jpg,Disney 2016 Daily Calendar: A Year of Animation,Disney,3,Calendars
1449468667,1449468667.jpg,http://ecx.images-amazon.com/images/I/412JoaxLmIL.jpg,Cartoons from The New Yorker 2016 Day-to-Day Calendar,Conde Nast,3,Calendars
1623438152,1623438152.jpg,http://ecx.images-amazon.com/images/I/61hJKFrWIUL.jpg,2016 Underwater Dogs Wall Calendar,Seth Casteel,3,Calendars
1629053287,1629053287.jpg,http://ecx.images-amazon.com/images/I/61vOg9DcmaL.jpg,DC Bombshells Wall Calendar (2016),Day Dream,3,Calendars
1622267303,1622267303.jpg,http://ecx.images-amazon.com/images/I/61AdmRFEdKL.jpg,"Orange Circle Studio 17-Month 2016 Do It All Magnetic Wall Calendar, Retro Days",Orange Circle Studios,3,Calendars
1624381111,1624381111.jpg,http://ecx.images-amazon.com/images/I/61jCBzTxipL.jpg,2016 Moms Manager Wall Calendar - 17 Month,TF Publishing,3,Calendars
1449468535,1449468535.jpg,http://ecx.images-amazon.com/images/I/51-6cbIak5L.jpg,Peanuts 2016 Day-to-Day Calendar,Peanuts Worldwide LLC,3,Calendars
1890931950,1890931950.jpg,http://ecx.images-amazon.com/images/I/51Ujz8KFy9L.jpg,We'moon: Gaia Rhythms for Womyn: Quantum Leap Year,,3,Calendars
1890028711,1890028711.jpg,http://ecx.images-amazon.com/images/I/61OLmLviOxL.jpg,Mystique X-Posed 2016 Adult Calendar -- Mystic Playboy Calendar Girls -- Penthouse Vixens -- Nude Naked Hot Sexy Girls,Mark Daughn,3,Calendars
1598888072,1598888072.jpg,http://ecx.images-amazon.com/images/I/517cUKgqr9L.jpg,"Chase's Calendar of Events 2016: The Ultimate Go-to Guide for Special Days, Weeks and Months",,3,Calendars
1631360221,1631360221.jpg,http://ecx.images-amazon.com/images/I/615UVtMFucL.jpg,Hebrew Illuminations 2016 Jewish Wall Calendar,Adam Rhine,3,Calendars
1465039260,1465039260.jpg,http://ecx.images-amazon.com/images/I/51dhyBNqUkL.jpg,Taylor Swift 2016 Square 12x12 (Multilingual Edition),Browntrout Publishers,3,Calendars
1419716085,1419716085.jpg,http://ecx.images-amazon.com/images/I/51D9-5798TL.jpg,Wet Dog 2016 Wall Calendar,Sophie Gamand,3,Calendars
1629051896,1629051896.jpg,http://ecx.images-amazon.com/images/I/61Tu9Y5dYVL.jpg,Gary Patterson's Cats Wall Calendar (2016),Day Dream,3,Calendars
1449465269,1449465269.jpg,http://ecx.images-amazon.com/images/I/51g4FFUldvL.jpg,Garfield 2016 Day-to-Day Calendar,Jim Davis,3,Calendars
1449465951,1449465951.jpg,http://ecx.images-amazon.com/images/I/51EF42QpUDL.jpg,The Oatmeal 2016 Wall Calendar: How To Tell If Your Cat Is Plotting to Kill You,The Oatmeal,3,Calendars
1419716891,1419716891.jpg,http://ecx.images-amazon.com/images/I/61lI8x4tq9L.jpg,Animal Crossing 2016 Wall Calendar,Nintendo,3,Calendars
1441317236,1441317236.jpg,http://ecx.images-amazon.com/images/I/51ABwin6YNL.jpg,"2016 Butterflies Mom's Weekly Planner (18-Month Calendar, Family Calendar, Diary)",Peter Pauper Press,3,Calendars
1419716093,1419716093.jpg,http://ecx.images-amazon.com/images/I/51nE7V36cpL.jpg,William Wegman Man's Best Friend 2016 Wall Calendar,William Wegman,3,Calendars
1629053694,1629053694.jpg,http://ecx.images-amazon.com/images/I/61lwvJfdpbL.jpg,Gary Patterson's Cats<br> Wall Calendar (2016),Mead,3,Calendars
1416297367,1416297367.jpg,http://ecx.images-amazon.com/images/I/51b7xg73SjL.jpg,Dogma2016 Wall Calendar,Ron Schmidt,3,Calendars
1449465277,1449465277.jpg,http://ecx.images-amazon.com/images/I/61CDBpkShuL.jpg,Garfield 2016 Wall Calendar,Jim Davis,3,Calendars
1631061011,1631061011.jpg,http://ecx.images-amazon.com/images/I/512zyL3Hz1L.jpg,Baby Goats 2016: 16-Month Calendar September 2015 through December 2016,Editors of Rock Point,3,Calendars
1579656269,1579656269.jpg,http://ecx.images-amazon.com/images/I/51GygBp5xiL.jpg,Audubon Wildflowers Wall Calendar 2016,National Audubon Society,3,Calendars
1419716158,1419716158.jpg,http://ecx.images-amazon.com/images/I/61qLaLzQIzL.jpg,Extraordinary Chickens 2016 Wall Calendar,Stephen Green-Armytage,3,Calendars
1465039848,1465039848.jpg,http://ecx.images-amazon.com/images/I/51Pg0rMpE7L.jpg,Yoga Cats 2016 Square 12x12 (Multilingual Edition),Browntrout Publishers,3,Calendars
1449465218,1449465218.jpg,http://ecx.images-amazon.com/images/I/61oAObNISCL.jpg,Dog Shaming 2016 Wall Calendar,Pascale Lemire,3,Calendars
1623436532,1623436532.jpg,http://ecx.images-amazon.com/images/I/51McK8k8GNL.jpg,2016 Just Cats Wall Calendar,Willow Creek Press,3,Calendars
1419717286,1419717286.jpg,http://ecx.images-amazon.com/images/I/51rGj0BcIdL.jpg,Lil Bub 2016 Wall Calendar,Lil Bub Lil Bub,3,Calendars
1629052736,1629052736.jpg,http://ecx.images-amazon.com/images/I/51l74mtb3TL.jpg,Gary Patterson's Cats Mini Wall Calendar (2016),Day Dream,3,Calendars
1593167067,1593167067.jpg,http://ecx.images-amazon.com/images/I/61lWr0kuKZL.jpg,Painted Pit Bulls 2016 Calendar,Dean Russo,3,Calendars
1631061127,1631061127.jpg,http://ecx.images-amazon.com/images/I/61lyTuRv3vL.jpg,Space Cats! 2016: 16-Month Calendar September 2015 through December 2016,Editors of Rock Point,3,Calendars
1452132925,1452132925.jpg,http://ecx.images-amazon.com/images/I/51CqVaH7a3L.jpg,2016 Wall Calendar: I Could Pee on This,Francesco Marciuliano,3,Calendars
1623436273,1623436273.jpg,http://ecx.images-amazon.com/images/I/51EQDok9LbL.jpg,2016 Just Black Cats Wall Calendar,Willow Creek Press,3,Calendars
1419716107,1419716107.jpg,http://ecx.images-amazon.com/images/I/41bGvv8cyrL.jpg,William Wegman Puppies 2016 Wall Calendar,William Wegman,3,Calendars
1623437695,1623437695.jpg,http://ecx.images-amazon.com/images/I/61Y5QiYgMML.jpg,2016 Just Pembroke Corgis Wall Calendar,Willow Creek Press,3,Calendars
1631060961,1631060961.jpg,http://ecx.images-amazon.com/images/I/51xXplz-qLL.jpg,Adorable Hedgehogs 2016: 16-Month Calendar September 2015 through December 2016,Editors of Rock Point,3,Calendars
1631360531,1631360531.jpg,http://ecx.images-amazon.com/images/I/61xjrpc654L.jpg,Zen Cat 2016 Wall Calendar,Nicholas Kirsten-Honshin,3,Calendars
1449470602,1449470602.jpg,http://ecx.images-amazon.com/images/I/51fhgtJwtaL.jpg,Pusheen the Cat 2015-2016 16-Month Desk Pad Calendar: September 2015 through December 2016,Claire Belton,3,Calendars
1629054178,1629054178.jpg,http://ecx.images-amazon.com/images/I/51diffrPMWL.jpg,Lesley Harrison - The Spirit of Horses Wall Calendar (2016),AMCAL,3,Calendars
1623438039,1623438039.jpg,http://ecx.images-amazon.com/images/I/61kXYBmYiQL.jpg,2016 Spirit of the Wolf Wall Calendar,Willow Creek Press,3,Calendars
1449465056,1449465056.jpg,http://ecx.images-amazon.com/images/I/51E1ScfYyHL.jpg,Cats 2016 Mini Day-to-Day Calendar,Andrews McMeel Publishing LLC,3,Calendars
1449465315,1449465315.jpg,http://ecx.images-amazon.com/images/I/61QkU7GItKL.jpg,Hot Guys and Baby Animals 2016 Wall Calendar,Audrey Khuner,3,Calendars
1465039864,1465039864.jpg,http://ecx.images-amazon.com/images/I/519EfTHF5LL.jpg,Yoga Dogs 2016 Square 12x12,Browntrout Publishers,3,Calendars
1629054763,1629054763.jpg,http://ecx.images-amazon.com/images/I/61FBADaYBpL.jpg,Kittens Wall Calendar (2016),Landmark,3,Calendars
1623437768,1623437768.jpg,http://ecx.images-amazon.com/images/I/61tO5pKOnCL.jpg,2016 Just Pug Puppies Wall Calendar,Willow Creek Press,3,Calendars
1629054380,1629054380.jpg,http://ecx.images-amazon.com/images/I/61c5LBDtEHL.jpg,Kittens Wall Calendar (2016),Mead,3,Calendars
1623436796,1623436796.jpg,http://ecx.images-amazon.com/images/I/61g3ML8B84L.jpg,2016 Just Dachshund Puppies Wall Calendar,Willow Creek Press,3,Calendars
1631060929,1631060929.jpg,http://ecx.images-amazon.com/images/I/512WBBueLFL.jpg,Cats in Sweaters 2016: 16-Month Calendar September 2015 through December 2016,Editors of Rock Point,3,Calendars
1629051616,1629051616.jpg,http://ecx.images-amazon.com/images/I/6158rFPn44L.jpg,Charles Wysocki - Cat Tales Wall Calendar (2016),AMCAL,3,Calendars
1629054615,1629054615.jpg,http://ecx.images-amazon.com/images/I/51ZN7YdGiZL.jpg,I REGRET NOTHING Animal Memes Wall Calendar (2016),Mead,3,Calendars
1623436346,1623436346.jpg,http://ecx.images-amazon.com/images/I/51v5mgIUt5L.jpg,2016 Just Boston Terriers Wall Calendar,Willow Creek Press,3,Calendars
1623438160,1623438160.jpg,http://ecx.images-amazon.com/images/I/61PuiVlcspL.jpg,2016 Underwater Puppies Wall Calendar,Seth Casteel,3,Calendars
1441317155,1441317155.jpg,http://ecx.images-amazon.com/images/I/51jd7hpizFL.jpg,"2016 Butterflies Weekly Planner (16-Month Engagement Calendar, Diary)",Peter Pauper Press,3,Calendars
1623437121,1623437121.jpg,http://ecx.images-amazon.com/images/I/61fTJzP9EkL.jpg,2016 Gypsy Vanner Horse Wall Calendar,Willow Creek Press,3,Calendars
1623437075,1623437075.jpg,http://ecx.images-amazon.com/images/I/61a5FAHGtPL.jpg,2016 Just Goldendoodles Wall Calendar,Willow Creek Press,3,Calendars
1449466648,1449466648.jpg,http://ecx.images-amazon.com/images/I/61Z2nji%2BSUL.jpg,Texts from Dog 2016 Day-to-Day Calendar,October Jones,3,Calendars
1441317201,1441317201.jpg,http://ecx.images-amazon.com/images/I/51jZoJCBKgL.jpg,"2016 Owls Weekly Planner (16-Month Engagement Calendar, Diary)",Peter Pauper Press,3,Calendars
1449465765,1449465765.jpg,http://ecx.images-amazon.com/images/I/512otKG0McL.jpg,Zelda Wisdom 2016 Wall Calendar,Carol Gardner,3,Calendars
1449470742,1449470742.jpg,http://ecx.images-amazon.com/images/I/613J0dNW8pL.jpg,CAT vs HUMAN 2016 Wall Calendar,Yasmine Surovec,3,Calendars
1782085890,1782085890.jpg,http://ecx.images-amazon.com/images/I/51SwZYghedL.jpg,Lurcher Calendar - Breed Specific Lurcher Calendar - 2016 Wall calendars - Animal Calendars - Monthly Wall Calendar by Avonside,MegaCalendars,3,Calendars
1631360434,1631360434.jpg,http://ecx.images-amazon.com/images/I/51ET0AuyXjL.jpg,Spirit Horses 2016 Wall Calendar,Tony Stromberg,3,Calendars
1623436710,1623436710.jpg,http://ecx.images-amazon.com/images/I/61cGuxfYk1L.jpg,2016 Just Corgi Puppies Wall Calendar,Willow Creek Press,3,Calendars
1465040315,1465040315.jpg,http://ecx.images-amazon.com/images/I/61o4fX2VKaL.jpg,Black Cats 2016 Square 12x12 (Multilingual Edition),Browntrout Publishers,3,Calendars
1449465048,1449465048.jpg,http://ecx.images-amazon.com/images/I/61%2BXIbWQygL.jpg,Cat Cartoon-A Day 2016 Day-to-Day Calendar: A Year of Fur-bulous Feline Funnies,Jonny Hawkins,3,Calendars
1609330536,1609330536.jpg,http://ecx.images-amazon.com/images/I/51lFLl-gmsL.jpg,"13 Book Collection: Calendar Mysteries January Joker, February Friend, March Mischief, April Adventure, May Magic, June Jam, July Jitters, August Acrobat, September Sneakers, October Ogre, November Night, December Dog, New Year's Eve Thieves",Ron Roy,3,Calendars
1465040749,1465040749.jpg,http://ecx.images-amazon.com/images/I/51nd75-XsFL.jpg,Dachshunds 2016 Engagement,Browntrout Publishers,3,Calendars
1416299149,1416299149.jpg,http://ecx.images-amazon.com/images/I/51ZJESRns2L.jpg,Owls by Debbie Mumm 2016 Checkbook/2 year pocket planner Calendar,Debbie Mumm,3,Calendars
1452142491,1452142491.jpg,http://ecx.images-amazon.com/images/I/61BOL%2BbH60L.jpg,Cats of 1986 2016 Wall Calendar,Chronicle Books,3,Calendars
1607559536,1607559536.jpg,http://ecx.images-amazon.com/images/I/519FDdt-MJL.jpg,Waterfowl 2014 Wall Calendar,Willow Creek Press,3,Calendars
1441317902,1441317902.jpg,http://ecx.images-amazon.com/images/I/51ZX1zGdKiL.jpg,"2016 Owl Forest Mom's Weekly Planner (18-Month Calendar, Family Calendar, Diary)",Peter Pauper Press,3,Calendars
1623255740,1623255740.jpg,http://ecx.images-amazon.com/images/I/51-eZQoLhaL.jpg,2016 Bunny Suicides Wall Calendar,,3,Calendars
1623438446,1623438446.jpg,http://ecx.images-amazon.com/images/I/61uJAUavpYL.jpg,2016 Just Yorkies Wall Calendar,Willow Creek Press,3,Calendars
1438838786,1438838786.jpg,http://ecx.images-amazon.com/images/I/61nMki9qS8L.jpg,It's Happy Bunny Day At A Time 2016 Box Calendar,Trends International,3,Calendars
1623436974,1623436974.jpg,http://ecx.images-amazon.com/images/I/618KKb1S6AL.jpg,2016 Just French Bulldogs Wall Calendar,Willow Creek Press,3,Calendars
1465041559,1465041559.jpg,http://ecx.images-amazon.com/images/I/61FcdmMLZlL.jpg,Maine Coon Cats 2016 Square 12x12,Browntrout Publishers,3,Calendars
1623438829,1623438829.jpg,http://ecx.images-amazon.com/images/I/61OeECI3TvL.jpg,2016 What Cats Teach Us Box Calendar,Willow Creek Press,3,Calendars
1554568714,1554568714.jpg,http://ecx.images-amazon.com/images/I/61Rd1KIc0lL.jpg,Big Cats National Geographic 2016 Wall Calendar,National Geographic Society,3,Calendars
1416298525,1416298525.jpg,http://ecx.images-amazon.com/images/I/51ViwS2%2Bp7L.jpg,Cat Naps 2016 Engagement Calendar,Sellers Publishing,3,Calendars
1416297286,1416297286.jpg,http://ecx.images-amazon.com/images/I/61R-6XqbGnL.jpg,Cat Naps 2016 Wall Calendar,Sellers Publishing,3,Calendars
1554568854,1554568854.jpg,http://ecx.images-amazon.com/images/I/61FRLyDcqmL.jpg,Tigers National Geographic 2016 Wall Calendar,National Geographic Society,3,Calendars
1624381502,1624381502.jpg,http://ecx.images-amazon.com/images/I/619MSplSAoL.jpg,2016 Space Cats Wall Calendar,Max Freeman,3,Calendars
1909823511,1909823511.jpg,http://ecx.images-amazon.com/images/I/51-2dOiwb8L.jpg,@MYSADCAT 2016 Calendar,Tom Cox,3,Calendars
1623438136,1623438136.jpg,http://ecx.images-amazon.com/images/I/51AOT70pFWL.jpg,2016 Just Tuxedo Cats Wall Calendar,Willow Creek Press,3,Calendars
1465039481,1465039481.jpg,http://ecx.images-amazon.com/images/I/51sztEGHOzL.jpg,Yoga Kittens 2016 Mini 7x7 (Multilingual Edition),Browntrout Publishers,3,Calendars
1623437423,1623437423.jpg,http://ecx.images-amazon.com/images/I/61oXNg4cuZL.jpg,2016 Just Maine Coon Cats Wall Calendar,Willow Creek Press,3,Calendars
1629052787,1629052787.jpg,http://ecx.images-amazon.com/images/I/51Ya1ZRV9bL.jpg,Kittens Mini Wall Calendar (2016),Day Dream,3,Calendars
1631140590,1631140590.jpg,http://ecx.images-amazon.com/images/I/61TajT63hjL.jpg,Ivory Cats 2016 Calendar 11x14,Lesley Anne Ivory,3,Calendars
1465039856,1465039856.jpg,http://ecx.images-amazon.com/images/I/61I7FXcfu-L.jpg,Ivory Cats by Lesley Anne Ivory 2016 Square 12x12,Browntrout Publishers,3,Calendars
1623438330,1623438330.jpg,http://ecx.images-amazon.com/images/I/616ePD9R0xL.jpg,2016 Why Cats Do That Wall Calendar,Willow Creek Press,3,Calendars
1782084398,1782084398.jpg,http://ecx.images-amazon.com/images/I/61sFyb4lqtL.jpg,Cats Calendar - 2016 Wall calendars - Animal Calendar - Monthly Wall Calendar by Avonside Studio,MegaCalendars,3,Calendars
1452128170,1452128170.jpg,http://ecx.images-amazon.com/images/I/51UBVSMaJCL.jpg,I Could Pee on This 2015 Wall Calendar,Francesco Marciuliano,3,Calendars
1623437334,1623437334.jpg,http://ecx.images-amazon.com/images/I/61v2RJ7ol7L.jpg,2016 Kittens & Puppies Wall Calendar,Willow Creek Press,3,Calendars
1623438004,1623438004.jpg,http://ecx.images-amazon.com/images/I/51vRfk0c7kL.jpg,2016 Siamese Cats Wall Calendar,Willow Creek Press,3,Calendars
1416298703,1416298703.jpg,http://ecx.images-amazon.com/images/I/51WxNqBSVSL.jpg,Cat Naps 2016 Boxed/Daily Calendar,Sellers Publishing,3,Calendars
1449465285,1449465285.jpg,http://ecx.images-amazon.com/images/I/6196TAC37rL.jpg,Garfield 2016 Mini Wall Calendar,Jim Davis,3,Calendars
1631360582,1631360582.jpg,http://ecx.images-amazon.com/images/I/6198FqXAYyL.jpg,Zen Cat 2016 Mini Wall Calendar,Nicholas Kirsten-Honshin,3,Calendars
1492612731,1492612731.jpg,http://ecx.images-amazon.com/images/I/51F4285QV2L.jpg,2016 Fat Cats Wall Calendar,Sourcebooks,3,Calendars
1623437806,1623437806.jpg,http://ecx.images-amazon.com/images/I/61k7A6sXDRL.jpg,2016 Ragdoll Cats Wall Calendar,Willow Creek Press,3,Calendars
1623439140,1623439140.jpg,http://ecx.images-amazon.com/images/I/61LrYmyza3L.jpg,2016 What Cats Teach Us Mini Wall Calendar,Willow Creek Press,3,Calendars
1623436168,1623436168.jpg,http://ecx.images-amazon.com/images/I/61lcsHveNuL.jpg,2016 Bad Kitties Wall Calendar,Willow Creek Press,3,Calendars
1465042296,1465042296.jpg,http://ecx.images-amazon.com/images/I/61%2BPDZbSACL.jpg,Tuxedo Cats 2016 Square 12x12,Browntrout Publishers,3,Calendars
1465040544,1465040544.jpg,http://ecx.images-amazon.com/images/I/51cHhdwSoKL.jpg,Cat Lovers 2016 Engagement,Browntrout Publishers,3,Calendars
1465043195,1465043195.jpg,http://ecx.images-amazon.com/images/I/41q9-AlwEXL.jpg,Cat Lovers 2016 Monthly Personal Planner,Browntrout Publishers,3,Calendars
1624383734,1624383734.jpg,http://ecx.images-amazon.com/images/I/51IDretntKL.jpg,2016-2017 Kittens 2 Year Pocket Calendar,TF Publishing,3,Calendars
1623439086,1623439086.jpg,http://ecx.images-amazon.com/images/I/51k%2BbirffQL.jpg,2016 What Cats Teach Us Engagement Calendar,Willow Creek Press,3,Calendars
1617915319,1617915319.jpg,http://ecx.images-amazon.com/images/I/51pHTUojnbL.jpg,Black Cats Calendar - 2016 Wall calendars - Cat Calendar - Kitten Calendar - Monthly Wall Calendar by Magnum,MegaCalendars,3,Calendars
1623433983,1623433983.jpg,http://ecx.images-amazon.com/images/I/61FTPtyhV%2BL.jpg,What Kittens Teach Us 2015 Wall Calendar,Willow Creek Press,3,Calendars
1416298215,1416298215.jpg,http://ecx.images-amazon.com/images/I/51ghPxUQKTL.jpg,Cat Naps 2016 Mini Calendar,Sellers Publishing,3,Calendars
1465039430,1465039430.jpg,http://ecx.images-amazon.com/images/I/413TsnRAPcL.jpg,Yoga Kittens 2016 Two-Year Pocket Planner,Browntrout Publishers,3,Calendars
1465042180,1465042180.jpg,http://ecx.images-amazon.com/images/I/51tZEUzpJnL.jpg,Siamese Cats 2016 Square 12x12 (Multilingual Edition),Browntrout Publishers,3,Calendars
1617915378,1617915378.jpg,http://ecx.images-amazon.com/images/I/51Csy49DkgL.jpg,Persian Cat Calendar - 2016 Wall calendars - Cat Calendars - Kitten Calendar - Monthly Wall Calendar by Magnum,MegaCalendars,3,Calendars
1465041311,1465041311.jpg,http://ecx.images-amazon.com/images/I/51svY52BSoL.jpg,Kitten Cuddles 2016 Two-Year Pocket Planner,Browntrout Publishers,3,Calendars
1782084401,1782084401.jpg,http://ecx.images-amazon.com/images/I/513EryzMu6L.jpg,Burmese Cats Calendar - 2016 Wall calendars - Cat Calendar - Animal Calendar - Monthly Wall Calendar by Avonside Studio,MegaCalendars,3,Calendars
1782084568,1782084568.jpg,http://ecx.images-amazon.com/images/I/61v4h6CKdlL.jpg,Kittens Calendar - 2016 Wall calendars - Animal Calendar - Monthly Wall Calendar by Avonside Studio,MegaCalendars,3,Calendars
1416297294,1416297294.jpg,http://ecx.images-amazon.com/images/I/51wckiXrUyL.jpg,Cats In Hats 2016 Wall Calendar,Sellers Publishing,3,Calendars
1416299238,1416299238.jpg,http://ecx.images-amazon.com/images/I/51PscwZnvdL.jpg,Cat Naps 2016 Desk Pad Planner Calendar,Sellers Publishing,3,Calendars
1465041338,1465041338.jpg,http://ecx.images-amazon.com/images/I/61jr2yOfwPL.jpg,Kittens 2016 Engagement,Browntrout Publishers,3,Calendars
1465039708,1465039708.jpg,http://ecx.images-amazon.com/images/I/51%2BDKLTel5L.jpg,Ivory Cats: Paintings by Lesley Anne Ivory 2016 Two-Year Pocket Planner,Browntrout Publishers,3,Calendars
1416298983,1416298983.jpg,http://ecx.images-amazon.com/images/I/51aObuUDkOL.jpg,Whiskerslist 2016 Boxed/Daily Calendar,Angie Bailey,3,Calendars
1449465854,1449465854.jpg,http://ecx.images-amazon.com/images/I/614630z1xfL.jpg,Sueellen Ross Kitten 2016 Mini Wall Calendar,Sueellen Ross,3,Calendars
1629053783,1629053783.jpg,http://ecx.images-amazon.com/images/I/41PA%2BYbxdoL.jpg,Rachael Hale Cats Wall Calendar (2016),Mead,3,Calendars
1631061321,1631061321.jpg,http://ecx.images-amazon.com/images/I/61Xj42j8d7L.jpg,Cats in Sweaters 2016 Mini: 16-Month Calendar September 2015 through December 2016,Editors of Rock Point,3,Calendars
1465045538,1465045538.jpg,http://ecx.images-amazon.com/images/I/51tGyLMy9PL.jpg,Persian Cats 2016 Square 12x12 (Multilingual Edition),Browntrout Publishers,3,Calendars
1623439035,1623439035.jpg,http://ecx.images-amazon.com/images/I/61D3szPaT%2BL.jpg,2016 Angry Cat Wall Calendar,Willow Creek Press,3,Calendars
1465043837,1465043837.jpg,http://ecx.images-amazon.com/images/I/51FMP2mnNnL.jpg,Ginger Cats 2016 Square 12x12 (Multilingual Edition),Browntrout Publishers,3,Calendars
1624381863,1624381863.jpg,http://ecx.images-amazon.com/images/I/61tPH0NrAtL.jpg,2016 Kittens Mini Calendar,TF Publishing,3,Calendars
1416298592,1416298592.jpg,http://ecx.images-amazon.com/images/I/515uE%2BVirOL.jpg,Dogma 2016 Engagement Calendar,Ron Schmidt,3,Calendars
1449465579,1449465579.jpg,http://ecx.images-amazon.com/images/I/514l7tq7PLL.jpg,Puppies 2016 Mini Day-to-Day Calendar,Andrews McMeel Publishing LLC,3,Calendars
1629055417,1629055417.jpg,http://ecx.images-amazon.com/images/I/616sZOhmryL.jpg,Boo Wall Calendar (2016),Day Dream,3,Calendars
1623436435,1623436435.jpg,http://ecx.images-amazon.com/images/I/51N1WrkNT-L.jpg,2016 Just Bulldog Puppies Wall Calendar,Willow Creek Press,3,Calendars
1416298231,1416298231.jpg,http://ecx.images-amazon.com/images/I/51FKCKb1cxL.jpg,Dogma 2016 Mini Calendar,Ron Schmidt,3,Calendars
1623436575,1623436575.jpg,http://ecx.images-amazon.com/images/I/61Vi7o8uAyL.jpg,2016 Just Chihuahua Puppies Wall Calendar,Willow Creek Press,3,Calendars
1505205360,1505205360.jpg,http://ecx.images-amazon.com/images/I/41reFWp6%2BUL.jpg,Border Terrier Coloring Calendar,Gail Forsyth,3,Calendars
1624380794,1624380794.jpg,http://ecx.images-amazon.com/images/I/51HU7DtbHHL.jpg,2016 Golden Retrievers Wall Calendar,TF Publishing,3,Calendars
1465040706,1465040706.jpg,http://ecx.images-amazon.com/images/I/61VMyHM5WPL.jpg,Collies 2016 Square 12x12,Browntrout Publishers,3,Calendars
1623437717,1623437717.jpg,http://ecx.images-amazon.com/images/I/51E-0CJ%2BtyL.jpg,2016 Just Pomeranians Wall Calendar,Willow Creek Press,3,Calendars
1623437970,1623437970.jpg,http://ecx.images-amazon.com/images/I/61NWfFWNBuL.jpg,2016 Just Shelties Wall Calendar,Willow Creek Press,3,Calendars
1623436354,1623436354.jpg,http://ecx.images-amazon.com/images/I/61krpzepJsL.jpg,2016 Just Boxer Puppies Wall Calendar,Willow Creek Press,3,Calendars
1623438721,1623438721.jpg,http://ecx.images-amazon.com/images/I/518yKDOrrAL.jpg,2016 Just Dachshunds  Box Calendar,Willow Creek Press,3,Calendars
1623438241,1623438241.jpg,http://ecx.images-amazon.com/images/I/61oD8J8IXeL.jpg,2016 Just Westies Wall Calendar,Willow Creek Press,3,Calendars
1554568994,1554568994.jpg,http://ecx.images-amazon.com/images/I/61o24MoXthL.jpg,German Shepherds American Kennel Club 2016 Wall Calendar,Zebra Publishing,3,Calendars
1623436818,1623436818.jpg,http://ecx.images-amazon.com/images/I/61svRLc6sUL.jpg,2016 Just Dachshunds Wall Calendar,Willow Creek Press,3,Calendars
1623437725,1623437725.jpg,http://ecx.images-amazon.com/images/I/51ariJRVCBL.jpg,2016 Just Poodles Wall Calendar,Willow Creek Press,3,Calendars
1623437474,1623437474.jpg,http://ecx.images-amazon.com/images/I/61VKt1TVKEL.jpg,2016 Just Miniature Schnauzers Wall Calendar,Willow Creek Press,3,Calendars
1623436206,1623436206.jpg,http://ecx.images-amazon.com/images/I/51LjMzMaxTL.jpg,2016 Just Basset Hounds Wall Calendar,Willow Creek Press,3,Calendars
1623437008,1623437008.jpg,http://ecx.images-amazon.com/images/I/61Omz4J8XFL.jpg,2016 Just German Shepherd Puppies Wall Calendar,Willow Creek Press,3,Calendars
1623437024,1623437024.jpg,http://ecx.images-amazon.com/images/I/61sjMhSmsjL.jpg,2016 Just German Shorthaired Pointers Wall Calendar,Willow Creek Press,3,Calendars
1629052779,1629052779.jpg,http://ecx.images-amazon.com/images/I/516g452jRNL.jpg,Puppies Mini Wall Calendar (2016),Day Dream,3,Calendars
1623439116,1623439116.jpg,http://ecx.images-amazon.com/images/I/61ZwuH9Z3HL.jpg,2016 Pug Mugs Mini Wall Calendar,Willow Creek Press,3,Calendars
1623436427,1623436427.jpg,http://ecx.images-amazon.com/images/I/61acHnn6N6L.jpg,2016 Bulldog Bad Boys Wall Calendar,Willow Creek Press,3,Calendars
1623436214,1623436214.jpg,http://ecx.images-amazon.com/images/I/51U2PJ1ahKL.jpg,2016 Just Beagle Puppies Wall Calendar,Willow Creek Press,3,Calendars
1623437989,1623437989.jpg,http://ecx.images-amazon.com/images/I/615kVxFmVML.jpg,2016 Just Shih Tzu Puppies Wall Calendar,Willow Creek Press,3,Calendars
1623436613,1623436613.jpg,http://ecx.images-amazon.com/images/I/61yS0nkJO%2BL.jpg,2016 Just Chocolate Labs Wall Calendar,Willow Creek Press,3,Calendars
1782085750,1782085750.jpg,http://ecx.images-amazon.com/images/I/51BStHoZOIL.jpg,Golden Retriever Calendar - Only Dog Breed Golden Retriever Calendar - 2016 Wall calendars - Dog Calendars - Monthly Wall Calendar by Avonside,MegaCalendars,3,Calendars
1623438772,1623438772.jpg,http://ecx.images-amazon.com/images/I/51JzAESVHyL.jpg,2016 Just Pugs Box Calendar,Willow Creek Press,3,Calendars
1623437857,1623437857.jpg,http://ecx.images-amazon.com/images/I/51pm%2B14rdzL.jpg,2016 Just Rottweilers Wall Calendar,Willow Creek Press,3,Calendars
1623436133,1623436133.jpg,http://ecx.images-amazon.com/images/I/61BIkPKB2JL.jpg,2016 Just Australian Shepherds Wall Calendar,Willow Creek Press,3,Calendars
1623436443,1623436443.jpg,http://ecx.images-amazon.com/images/I/51KBG6R5DtL.jpg,2016 Just Bulldogs Wall Calendar,Willow Creek Press,3,Calendars
1465039465,1465039465.jpg,http://ecx.images-amazon.com/images/I/51mcMZm88ZL.jpg,Yoga Puppies 2016 Mini 7x7,Browntrout Publishers,3,Calendars
1629054372,1629054372.jpg,http://ecx.images-amazon.com/images/I/61rdFSsRAWL.jpg,Puppies Wall Calendar (2016),Mead,3,Calendars
1465042113,1465042113.jpg,http://ecx.images-amazon.com/images/I/513X4hQpT2L.jpg,Scottish Terriers 2016 Square 12x12,Browntrout Publishers,3,Calendars
1623437105,1623437105.jpg,http://ecx.images-amazon.com/images/I/61bIpn0733L.jpg,2016 Just Greyhounds Wall Calendar,Willow Creek Press,3,Calendars
1623436222,1623436222.jpg,http://ecx.images-amazon.com/images/I/61yB3ksQwSL.jpg,2016 Beagle Rules Wall Calendar,Willow Creek Press,3,Calendars
1623437016,1623437016.jpg,http://ecx.images-amazon.com/images/I/61DmfYxm-vL.jpg,2016 Just German Shepherds Wall Calendar,Willow Creek Press,3,Calendars
1465041575,1465041575.jpg,http://ecx.images-amazon.com/images/I/61BdxraRoSL.jpg,Maltese Puppies 2016 Mini 7x7 (Multilingual Edition),Browntrout Publishers,3,Calendars
1623436249,1623436249.jpg,http://ecx.images-amazon.com/images/I/61uCEeOkGYL.jpg,2016 Just Bernese Mountain Dog Wall Calendar,Willow Creek Press,3,Calendars
1623438411,1623438411.jpg,http://ecx.images-amazon.com/images/I/61Cvhy2FL8L.jpg,2016 Just Yellow Lab Puppies Wall Calendar,Willow Creek Press,3,Calendars
1782085262,1782085262.jpg,http://ecx.images-amazon.com/images/I/51s2HNCXIML.jpg,American Eskimo Dog Calendar - Breed Specific American Eskimos Calendar - 2016 Wall calendars - Dog Calendars - Monthly Wall Calendar by Avonside,MegaCalendars,3,Calendars
1465040951,1465040951.jpg,http://ecx.images-amazon.com/images/I/612Q7rP5BrL.jpg,"German Shepherds, For the Love of 2016 Deluxe",Browntrout Publishers,3,Calendars
1416298843,1416298843.jpg,http://ecx.images-amazon.com/images/I/51ZjTvYvHxL.jpg,Pooped Puppies 2016 Boxed/Daily Calendar,Sellers Publishing,3,Calendars
1465040242,1465040242.jpg,http://ecx.images-amazon.com/images/I/51suOxbgI7L.jpg,Beagle Puppies 2016 Mini 7x7 (Multilingual Edition),Browntrout Publishers,3,Calendars
1623436478,1623436478.jpg,http://ecx.images-amazon.com/images/I/61t7G26rL2L.jpg,2016 Just Cairn Terriers Wall Calendar,Willow Creek Press,3,Calendars
1623436192,1623436192.jpg,http://ecx.images-amazon.com/images/I/51FeG5SVUML.jpg,2016 Just Basset Hound Puppies Wall Calendar,Willow Creek Press,3,Calendars
1782085874,1782085874.jpg,http://ecx.images-amazon.com/images/I/51oLn9oHQrL.jpg,Labradoodle Calendar - Only Dog Breed Labradoodle Calendar - 2016 Wall calendars - Dog Calendars - Monthly Wall Calendar by Avonside,MegaCalendars,3,Calendars
1465042172,1465042172.jpg,http://ecx.images-amazon.com/images/I/51x6%2B91lmHL.jpg,Shih Tzu Puppies 2016 Square 12x12,Browntrout Publishers,3,Calendars
1465042067,1465042067.jpg,http://ecx.images-amazon.com/images/I/51fOCT58OiL.jpg,Schnauzer Puppies 2016 Mini 7x7,Browntrout Publishers,3,Calendars
1782085912,1782085912.jpg,http://ecx.images-amazon.com/images/I/51t25A-3H3L.jpg,Mastiff Calendar - Breed Specific Mastiff Calendar - 2016 Wall calendars - Dog Calendars - Monthly Wall Calendar by Avonside,MegaCalendars,3,Calendars
1782085580,1782085580.jpg,http://ecx.images-amazon.com/images/I/51yzp3Klw9L.jpg,Collie Calendar - Breed Specific Collie Calendar - 2016 Wall calendars - Dog Calendars - Monthly Wall Calendar by Avonside,MegaCalendars,3,Calendars
1465040722,1465040722.jpg,http://ecx.images-amazon.com/images/I/61HF4gwyADL.jpg,Dachshund Puppies 2016 Mini 7x7 (Multilingual Edition),Browntrout Publishers,3,Calendars
1465042393,1465042393.jpg,http://ecx.images-amazon.com/images/I/616Kc-Ws6cL.jpg,"Wheaten Terriers, Soft Coated 2016 Square 12x12",Browntrout Publishers,3,Calendars
1782086153,1782086153.jpg,http://ecx.images-amazon.com/images/I/61Q3jGIDiqL.jpg,Shiba Inu Calendar - Breed Specific Shiba Inu Calendar - 2016 Wall calendars - Dog Calendars - Monthly Wall Calendar by Avonside,MegaCalendars,3,Calendars
1465041028,1465041028.jpg,http://ecx.images-amazon.com/images/I/61iVp2F9GaL.jpg,Golden Retrievers 2016 Engagement,Browntrout Publishers,3,Calendars
1623437784,1623437784.jpg,http://ecx.images-amazon.com/images/I/61FqtW-kWOL.jpg,2016 Just Pugs Wall Calendar,Willow Creek Press,3,Calendars
1623438101,1623438101.jpg,http://ecx.images-amazon.com/images/I/61jbjycWjiL.jpg,2016 Just Toy & Miniature Poodles Wall Calendar,Willow Creek Press,3,Calendars
1629055751,1629055751.jpg,http://ecx.images-amazon.com/images/I/61HIPxH%2BrKL.jpg,Gary Patterson's Dogs Wall Calendar (2016),Day Dream,3,Calendars
1452132933,1452132933.jpg,http://ecx.images-amazon.com/images/I/61MXBXDzvLL.jpg,2016 Wall Calendar: I Could Chew on This,Francesco Marciuliano,3,Calendars
1782086145,1782086145.jpg,http://ecx.images-amazon.com/images/I/51XSMUCrCWL.jpg,Shetland Sheepdog Calendar - Breed Specific Shetland Sheepdog Calendar - 2016 Wall calendars - Dog Calendars - Monthly Wall Calendar by Avonside,MegaCalendars,3,Calendars
1623439078,1623439078.jpg,http://ecx.images-amazon.com/images/I/61L%2B7dS85tL.jpg,2016 Underwater Dogs Engagement Calendar,Seth Casteel,3,Calendars
1623437458,1623437458.jpg,http://ecx.images-amazon.com/images/I/61kEoazq7IL.jpg,2016 Just Mini Dachshunds Wall Calendar,Willow Creek Press,3,Calendars
1465042334,1465042334.jpg,http://ecx.images-amazon.com/images/I/61s8wWgGOuL.jpg,Welsh Corgi Puppies 2016 Mini 7x7 (Multilingual Edition),Browntrout Publishers,3,Calendars
1617916056,1617916056.jpg,http://ecx.images-amazon.com/images/I/51TSRxTkvQL.jpg,Scottish Terriers Calendar - 2016 Wall calendars - Dog Calendars - Monthly Wall Calendar by Magnum,MegaCalendars,3,Calendars
1416297588,1416297588.jpg,http://ecx.images-amazon.com/images/I/51juSxqJN1L.jpg,Pooped Puppies 2016 Wall Calendar,Sellers Publishing,3,Calendars
1441317864,1441317864.jpg,http://ecx.images-amazon.com/images/I/51wP5StbB3L.jpg,"2016 Watercolor Horse Weekly Planner (16-Month Engagement Calendar, Diary)",Peter Pauper Press,3,Calendars
1465041141,1465041141.jpg,http://ecx.images-amazon.com/images/I/51qP7Bn1lbL.jpg,Horse Lovers 2016 Engagement,Browntrout Publishers,3,Calendars
1623437210,1623437210.jpg,http://ecx.images-amazon.com/images/I/61XqzrHh6PL.jpg,2016 Just Horses Wall Calendar,Willow Creek Press,3,Calendars
1629054402,1629054402.jpg,http://ecx.images-amazon.com/images/I/61x-jVEwITL.jpg,Horses Wall Calendar (2016),Mead,3,Calendars
1623438845,1623438845.jpg,http://ecx.images-amazon.com/images/I/6144eokbYHL.jpg,2016 What Horses Teach Us Box Calendar,Willow Creek Press,3,Calendars
1623439264,1623439264.jpg,http://ecx.images-amazon.com/images/I/51L8ruWg0lL.jpg,2016 Gypsy Vanner Horse Engagement Calendar,Willow Creek Press,3,Calendars
1933790199,1933790199.jpg,http://ecx.images-amazon.com/images/I/61a6g90qYtL.jpg,2016 American Quarter Horse Wall Calendar,David R. Stoecklein,3,Calendars
1623437199,1623437199.jpg,http://ecx.images-amazon.com/images/I/610AiOZ4PsL.jpg,2016 Horse Yoga Wall Calendar,Willow Creek Press,3,Calendars
1623439094,1623439094.jpg,http://ecx.images-amazon.com/images/I/51zkZsgAooL.jpg,2016 What Horses Teach Us Engagement Calendar,Willow Creek Press,3,Calendars
1623438284,1623438284.jpg,http://ecx.images-amazon.com/images/I/61Ccz9TG-yL.jpg,2016 What Horses Teach Us Wall Calendar,Willow Creek Press,3,Calendars
1623437202,1623437202.jpg,http://ecx.images-amazon.com/images/I/61o5aLcRCOL.jpg,2016 Horse: A Portrait Wall Calendar,Willow Creek Press,3,Calendars
1554568781,1554568781.jpg,http://ecx.images-amazon.com/images/I/51Aey5nvRyL.jpg,Horses National Geographic 2016 Wall Calendars,National Geographic Society,3,Calendars
1465041168,1465041168.jpg,http://ecx.images-amazon.com/images/I/51g-myBBWcL.jpg,Horse Lovers 2016 Monthly Personal Planner,Browntrout Publishers,3,Calendars
1623436095,1623436095.jpg,http://ecx.images-amazon.com/images/I/518ZcMnSnRL.jpg,2016 Arabians Wall Calendar,Willow Creek Press,3,Calendars
1623437164,1623437164.jpg,http://ecx.images-amazon.com/images/I/511DcPp92JL.jpg,2016 Horse Feathers Wall Calendar,Willow Creek Press,3,Calendars
1623437644,1623437644.jpg,http://ecx.images-amazon.com/images/I/51h5rPcQUJL.jpg,2016 Paint Horses Wall Calendar,Willow Creek Press,3,Calendars
1629054755,1629054755.jpg,http://ecx.images-amazon.com/images/I/513k5vwW7XL.jpg,Horses Wall Calendar (2016),Landmark,3,Calendars
1416297723,1416297723.jpg,http://ecx.images-amazon.com/images/I/6103Lvh9dFL.jpg,Spirited Horse 2016 Wall Calendar,Sellers Publishing,3,Calendars
1933790377,1933790377.jpg,http://ecx.images-amazon.com/images/I/61el07pThpL.jpg,2016 Western Horse Desk Datebook,David R. Stoecklein,3,Calendars
1623436907,1623436907.jpg,http://ecx.images-amazon.com/images/I/51wLDG7oSVL.jpg,2016 Fantasy Horses Wall Calendar,Willow Creek Press,3,Calendars
1465043306,1465043306.jpg,http://ecx.images-amazon.com/images/I/51xs4XehGFL.jpg,Clydesdales 2016 Square 12x12,Browntrout Publishers,3,Calendars
3955709140,3955709140.jpg,http://ecx.images-amazon.com/images/I/51UxZW%2B4uuL.jpg,"Magic Horses (160640) (English, Spanish, French, Italian and German Edition)",Tushita,3,Calendars
1624383696,1624383696.jpg,http://ecx.images-amazon.com/images/I/51MHZaaBGCL.jpg,2016-2017 Horses 2 Year Pocket Calendar,TF Publishing,3,Calendars
1782084363,1782084363.jpg,http://ecx.images-amazon.com/images/I/516HCP3HLCL.jpg,Arabian Horses Calendar - 2016 Wall calendars - Only Arabian Horses - Animal Calendar - Monthly Wall Calendar by Avonside,MegaCalendars,3,Calendars
1770985875,1770985875.jpg,http://ecx.images-amazon.com/images/I/51rXJ7GIWZL.jpg,Horses 2016 Mini 7X7 Wyman,Browntrout Publishers,3,Calendars
1623438357,1623438357.jpg,http://ecx.images-amazon.com/images/I/61Q%2BGquAA3L.jpg,2016 Why Horses Do That Wall Calendar,Willow Creek Press,3,Calendars
1623437172,1623437172.jpg,http://ecx.images-amazon.com/images/I/61UJRwqcVbL.jpg,2016 Horse Racing Wall Calendar,Willow Creek Press,3,Calendars
1623436850,1623436850.jpg,http://ecx.images-amazon.com/images/I/618KZ219fIL.jpg,2016 Dressage Wall Calendar,Willow Creek Press,3,Calendars
1623437245,1623437245.jpg,http://ecx.images-amazon.com/images/I/61Uu4EbALvL.jpg,2016 Hunter & Jumper Wall Calendar,Willow Creek Press,3,Calendars
1623438373,1623438373.jpg,http://ecx.images-amazon.com/images/I/51XImfLwxRL.jpg,2016 Wild Horses Wall Calendar (Multilingual Edition),Willow Creek Press,3,Calendars
1617915440,1617915440.jpg,http://ecx.images-amazon.com/images/I/51cVKsBJr9L.jpg,Horses Calendar - 2016 Wall calendars - Animal Calendar - Monthly Wall Calendar by Magnum,MegaCalendars,3,Calendars
1933790261,1933790261.jpg,http://ecx.images-amazon.com/images/I/61RaVoi0wyL.jpg,2016 Paint Horse Wall Calendar,David R. Stoecklein,3,Calendars
1465016953,1465016953.jpg,http://ecx.images-amazon.com/images/I/61dimMmhskL.jpg,Dressage Calendar (Multilingual Edition),,3,Calendars
1465041176,1465041176.jpg,http://ecx.images-amazon.com/images/I/51SaHVtVksL.jpg,Horse Lovers 2016 Two-Year Pocket Planner (Multilingual Edition),Browntrout Publishers,3,Calendars
1623432960,1623432960.jpg,http://ecx.images-amazon.com/images/I/61KZOlMgo6L.jpg,Just Horses 2015 Wall Calendar,Willow Creek Press,3,Calendars
1623435560,1623435560.jpg,http://ecx.images-amazon.com/images/I/51FBDWSnWFL.jpg,Horse Yoga 2015 Wall Calendar,Willow Creek Press,3,Calendars
1465041192,1465041192.jpg,http://ecx.images-amazon.com/images/I/61QoPPEDI7L.jpg,"Horses, 366 Days of, 2016 Square 12x12",Browntrout Publishers,3,Calendars
1465044000,1465044000.jpg,http://ecx.images-amazon.com/images/I/510FlHfnLGL.jpg,Horses 2016 Desk Pad,Browntrout Publishers,3,Calendars
1438839073,1438839073.jpg,http://ecx.images-amazon.com/images/I/61xiBYSqSHL.jpg,Horses 2016 Mini Calendar,Trends International,3,Calendars
1438840101,1438840101.jpg,http://ecx.images-amazon.com/images/I/61FTLr6zh0L.jpg,Horses 2016 Wall Calendar,Trends International,3,Calendars
1623439159,1623439159.jpg,http://ecx.images-amazon.com/images/I/51z6TettHAL.jpg,2016 What Horses Teach Us Mini Wall Calendar,Willow Creek Press,3,Calendars
1623436761,1623436761.jpg,http://ecx.images-amazon.com/images/I/51bBEaxIk4L.jpg,2016 Cowboys Wall Calendar,Willow Creek Press,3,Calendars
1465042660,1465042660.jpg,http://ecx.images-amazon.com/images/I/51lkXCxufzL.jpg,Arabians 2016 Square 12x12,Browntrout Publishers,3,Calendars
1423820746,1423820746.jpg,http://ecx.images-amazon.com/images/I/51n-VWhCBVL.jpg,2014 The Spirit of Horses by Lesley Harrison Wall Calendar,Lesley Harrison,3,Calendars
1465049436,1465049436.jpg,http://ecx.images-amazon.com/images/I/518dkynuE9L.jpg,Horse Lovers 2016 Box,Browntrout Publishers,3,Calendars
1582881812,1582881812.jpg,http://ecx.images-amazon.com/images/I/31cyxWzk2PL.jpg,The Stephen King Desk Calendar 2006 - Includes Short Story My Pretty Pony,Stephen King,3,Calendars
1623432952,1623432952.jpg,http://ecx.images-amazon.com/images/I/41u3sNEDQCL.jpg,Horse: A Portrait 2015 Wall Calendar,Willow Creek Press,3,Calendars
3955709604,3955709604.jpg,http://ecx.images-amazon.com/images/I/61S-u1YbgdL.jpg,"Magic Horses (161537) (English, Spanish, French, Italian and German Edition)",Tushita,3,Calendars
1465023380,1465023380.jpg,http://ecx.images-amazon.com/images/I/5144Ng9iyVL.jpg,Horse Lovers 2015 Engagement,BrownTrout,3,Calendars
1465041184,1465041184.jpg,http://ecx.images-amazon.com/images/I/610KmU9eT8L.jpg,Horse Lovers 2016 Square 12x12 (Multilingual Edition),Browntrout Publishers,3,Calendars
1607557673,1607557673.jpg,http://ecx.images-amazon.com/images/I/51mt0XauLLL.jpg,Gypsy Vanner Horse Engagement Calendar,,3,Calendars
1438832303,1438832303.jpg,http://ecx.images-amazon.com/images/I/41xThIxBbBL.jpg,Horses 2015-2016 Pocket Planner,Trends International,3,Calendars
1624381839,1624381839.jpg,http://ecx.images-amazon.com/images/I/51i0VFCr8aL.jpg,2016 Horses Mini Calendar,TF Publishing,3,Calendars
1623432944,1623432944.jpg,http://ecx.images-amazon.com/images/I/61j27afCE-L.jpg,Horse Sense 2015 Wall Calendar,Willow Creek Press,3,Calendars
1623433975,1623433975.jpg,http://ecx.images-amazon.com/images/I/51W-EaduwAL.jpg,What Horses Teach Us 2015 Wall Calendar,Willow Creek Press,3,Calendars
1631140833,1631140833.jpg,http://ecx.images-amazon.com/images/I/51CRqBR6BeL.jpg,Wild Horses 2016 Calendar 11x14,Rita and Charles Summers,3,Calendars
1623435188,1623435188.jpg,http://ecx.images-amazon.com/images/I/51lj9worKDL.jpg,What Horses Teach Us 2015 Engagement Calendar,Willow Creek Press,3,Calendars
1623434033,1623434033.jpg,http://ecx.images-amazon.com/images/I/61867hlJvEL.jpg,Why Horses Do That 2015 Wall Calendar,Willow Creek Press,3,Calendars
1933790296,1933790296.jpg,http://ecx.images-amazon.com/images/I/61FpszKaioL.jpg,2016 Western Horse Wall Calendar,David R. Stoecklein,3,Calendars
1438839464,1438839464.jpg,http://ecx.images-amazon.com/images/I/51KoDODvclL.jpg,Horses 2016 Pocket Planner,Trends International,3,Calendars
1780548958,1780548958.jpg,http://ecx.images-amazon.com/images/I/51iY32gdHtL.jpg,The Official Only Fools and Horses 2016 Slim Calendar,,3,Calendars
1438831374,1438831374.jpg,http://ecx.images-amazon.com/images/I/61xVC8PGptL.jpg,Horses 2015 Wall Calendar,Trends International,3,Calendars
1423823990,1423823990.jpg,http://ecx.images-amazon.com/images/I/61%2B-4aKpTcL.jpg,Horses Wall Calendar (2015),Landmark,3,Calendars
1477015957,1477015957.jpg,http://ecx.images-amazon.com/images/I/517sNaFTOhL.jpg,Horses Wall Calendar by Graphique,,3,Calendars
1782086757,1782086757.jpg,http://ecx.images-amazon.com/images/I/41m3EJfNaBL.jpg,Horses Slim Calendar 2016,Avonside Publishing Ltd.,3,Calendars
1465024123,1465024123.jpg,http://ecx.images-amazon.com/images/I/51HNj-tfq5L.jpg,Horse Lovers 2015 Monthly Personal Planner,BrownTrout,3,Calendars
1465024344,1465024344.jpg,http://ecx.images-amazon.com/images/I/51TVHd5FFGL.jpg,Horse Lovers 2015-2016 Pocket Planner,BrownTrout,3,Calendars
1465027696,1465027696.jpg,http://ecx.images-amazon.com/images/I/614RPhbr6vL.jpg,Shetland Ponies 2015 Square 12x12 (Multilingual Edition),BrownTrout,3,Calendars
1623434068,1623434068.jpg,http://ecx.images-amazon.com/images/I/51Z-czeH3rL.jpg,Wild Horses 2015 Wall Calendar,Willow Creek Press,3,Calendars
1465029265,1465029265.jpg,http://ecx.images-amazon.com/images/I/51r8i1UBcQL.jpg,Mustangs 2015 Square 12x12,BrownTrout,3,Calendars
1579004210,1579004210.jpg,http://ecx.images-amazon.com/images/I/41CuDVqOtiL.jpg,2015-2016 2 Year Horses Pocket Calendar,TF PUBLISHING,3,Calendars
1477001891,1477001891.jpg,http://ecx.images-amazon.com/images/I/51E6m%2Bf8xVL.jpg,Horses 2015 Calendar (Multilingual Edition),,3,Calendars
1617768324,1617768324.jpg,http://ecx.images-amazon.com/images/I/51gJXbI1gzL.jpg,2014 Horses Pocket Calendar,TF Publishing,3,Calendars
1465022775,1465022775.jpg,http://ecx.images-amazon.com/images/I/61drb3dsgML.jpg,Horse Lovers 2015 Box,BrownTrout,3,Calendars
1554567637,1554567637.jpg,http://ecx.images-amazon.com/images/I/61B%2B7-F9I-L.jpg,Horses 2015,Zebra Publishing Corp.,3,Calendars
1770985867,1770985867.jpg,http://ecx.images-amazon.com/images/I/61CIS%2BM5OeL.jpg,Horses 2016 Double-View Easel Wyman,Browntrout Publishers,3,Calendars
1631360191,1631360191.jpg,http://ecx.images-amazon.com/images/I/61I%2B9YO5lRL.jpg,The Haunted Realm 2016 Wall Calendar,Simon Marsden,3,Calendars
1554568536,1554568536.jpg,http://ecx.images-amazon.com/images/I/61xRkyMElFL.jpg,Castles National Geographic 2016 Wall Calendar,National Geographic Society,3,Calendars
1579129986,1579129986.jpg,http://ecx.images-amazon.com/images/I/61KYsWSI3WL.jpg,Skyscrapers 2016 Calendar: The World's Most Extraordinary Buildings,Judith Dupre,3,Calendars
1624380301,1624380301.jpg,http://ecx.images-amazon.com/images/I/61Zf3VlqL-L.jpg,2016 Barns Wall Calendar,TF Publishing,3,Calendars
1449469027,1449469027.jpg,http://ecx.images-amazon.com/images/I/51rhxTdtUlL.jpg,Things Come Apart 2016 Wall Calendar,Todd McLellan,3,Calendars
1624381030,1624381030.jpg,http://ecx.images-amazon.com/images/I/61KTUkzY-sL.jpg,2016 Lighthouses Wall Calendar,TF Publishing,3,Calendars
1610463188,1610463188.jpg,http://ecx.images-amazon.com/images/I/61l-L9s5peL.jpg,2016 Doors & Windows Wall Calendar,Brush Dance,3,Calendars
1465023402,1465023402.jpg,http://ecx.images-amazon.com/images/I/51x0ozhUbIL.jpg,Lighthouses 2015 Engagement (Multilingual Edition),BrownTrout,3,Calendars
3836545616,3836545616.jpg,http://ecx.images-amazon.com/images/I/61-1e1siDbL.jpg,Gaudi 2014 (Taschen Wall Calendars),Taschen,3,Calendars
3836545780,3836545780.jpg,http://ecx.images-amazon.com/images/I/51VSyv48rVL.jpg,Gaudi 2014 (Taschen Spiral Diaries),Taschen,3,Calendars
1465028390,1465028390.jpg,http://ecx.images-amazon.com/images/I/51qD3RDDElL.jpg,Lighthouses 2015 Square 12x12,BrownTrout,3,Calendars
1419712667,1419712667.jpg,http://ecx.images-amazon.com/images/I/51oi0iF8viL.jpg,Treehouses of the World 2015 Wall Calendar,Pete Nelson,3,Calendars
1623430798,1623430798.jpg,http://ecx.images-amazon.com/images/I/611Kil3dcTL.jpg,Outhouses 2014 Box Calendar,Willow Creek Press,3,Calendars
1477001018,1477001018.jpg,http://ecx.images-amazon.com/images/I/518P7kbTNSL.jpg,Lighthouses 2015 Calendar,,3,Calendars
1449456847,1449456847.jpg,http://ecx.images-amazon.com/images/I/51WNJCqyAGL.jpg,Things Come Apart 2015 Wall Calendar,Todd McLellan,3,Calendars
1465024727,1465024727.jpg,http://ecx.images-amazon.com/images/I/512WS76eR9L.jpg,"Washington, D.C. 2015 Square 12x12",BrownTrout,3,Calendars
1465034013,1465034013.jpg,http://ecx.images-amazon.com/images/I/61zzlteO7zL.jpg,Nashville 2015 Square 12x12,BrownTrout,3,Calendars
1423826655,1423826655.jpg,http://ecx.images-amazon.com/images/I/51XM9jmvvlL.jpg,National Landmarks Wall Calendar (2015),Landmark,3,Calendars
1465033572,1465033572.jpg,http://ecx.images-amazon.com/images/I/61M66ivz6QL.jpg,Barns with Scripture 2015 Square 12x12 Vine Publications,BrownTrout,3,Calendars
1438831455,1438831455.jpg,http://ecx.images-amazon.com/images/I/512SEKZwJVL.jpg,Lighthouses 2015 Wall Calendar,Trends International,3,Calendars
1423826566,1423826566.jpg,http://ecx.images-amazon.com/images/I/61%2BunWfvZ0L.jpg,National Parks Wall Calendar (2015),Mead,3,Calendars
1465028404,1465028404.jpg,http://ecx.images-amazon.com/images/I/51MU1-YtuVL.jpg,"Lighthouses, Atlantic Coast 2015 Square 12x12",BrownTrout,3,Calendars
1465028420,1465028420.jpg,http://ecx.images-amazon.com/images/I/61WD418bGJL.jpg,"Lighthouses, New England 2015 Square 12x12 (Multilingual Edition)",BrownTrout,3,Calendars
1419707450,1419707450.jpg,http://ecx.images-amazon.com/images/I/61QG7l1kUrL.jpg,Treehouses of the World 2014 Calendar,Pete Nelson,3,Calendars
3791342282,3791342282.jpg,http://ecx.images-amazon.com/images/I/51SDQFXoYVL.jpg,A Year in Architecture,Claudia Stuble,3,Calendars
1579003575,1579003575.jpg,http://ecx.images-amazon.com/images/I/614tbNvK2RL.jpg,2015 Lighthouses Mini Calendar,TF PUBLISHING,3,Calendars
3955706699,3955706699.jpg,http://ecx.images-amazon.com/images/I/61qcFjgsX0L.jpg,Düsseldorf,Tushita Publishing,3,Calendars
1438831560,1438831560.jpg,http://ecx.images-amazon.com/images/I/51S4OV-Lw6L.jpg,Timeless Visions 2015 Wall Calendar,Trends International,3,Calendars
1624380530,1624380530.jpg,http://ecx.images-amazon.com/images/I/61yhv4Jy75L.jpg,2016 Chicago Sports Venues Wall Calendar,TF Publishing,3,Calendars
3731807939,3731807939.jpg,http://ecx.images-amazon.com/images/I/61Q8BpRzdQL.jpg,Hundertwasser Architecture 2016. Broschürenkalender,,3,Calendars
3822842990,3822842990.jpg,http://ecx.images-amazon.com/images/I/61EgE2cNcOL.jpg,Gaudi,,3,Calendars
1465010211,1465010211.jpg,http://ecx.images-amazon.com/images/I/61DgrHGTDEL.jpg,English Cottages Calendar (Multilingual Edition),,3,Calendars
1465024026,1465024026.jpg,http://ecx.images-amazon.com/images/I/512sTkHbVBL.jpg,Lighthouses 2015 Mini 7x7 (Multilingual Edition),BrownTrout,3,Calendars
1449456081,1449456081.jpg,http://ecx.images-amazon.com/images/I/61Y9MjrfDxL.jpg,A Doorway Every Day 2015 Wall Calendar: with Over 365 Photos,Andrews McMeel Publishing LLC,3,Calendars
1423826507,1423826507.jpg,http://ecx.images-amazon.com/images/I/61ZUWuKh7cL.jpg,National Landmarks Wall Calendar (2015),Mead,3,Calendars
1419703153,1419703153.jpg,http://ecx.images-amazon.com/images/I/61RtkrLph0L.jpg,Treehouses of the World 2013 Wall Calendar,Pete Nelson,3,Calendars
3940874736,3940874736.jpg,http://ecx.images-amazon.com/images/I/51f9I0NPc0L.jpg,Archipendium 2014 Desk Calendar: 365 Days Full of Architecture,archimappublishers,3,Calendars
1623433150,1623433150.jpg,http://ecx.images-amazon.com/images/I/51RXXdFWxIL.jpg,Lighthouses 2015 Wall Calendar,Willow Creek Press,3,Calendars
1465028412,1465028412.jpg,http://ecx.images-amazon.com/images/I/516JCTJl5BL.jpg,"Lighthouses, Great Lakes 2015 Square 12x12 (Multilingual Edition)",BrownTrout,3,Calendars
1554566509,1554566509.jpg,http://ecx.images-amazon.com/images/I/617fRVy00UL.jpg,2014 National Geographic Castles Deluxe Wall,Zebra Publishing Corp.,3,Calendars
1421600366,1421600366.jpg,http://ecx.images-amazon.com/images/I/5150hxh-MdL.jpg,Germany 2013 Square 12X12 Wall Calendar (Multilingual Edition),BrownTrout Publishers,3,Calendars
1623430682,1623430682.jpg,http://ecx.images-amazon.com/images/I/610v-oH-jzL.jpg,Outhouses 2014 Wall Calendar,Willow Creek Press,3,Calendars
1465009728,1465009728.jpg,http://ecx.images-amazon.com/images/I/51a4FRS5mSL.jpg,Enchanted Castles Calendar (Multilingual Edition),,3,Calendars
1465011218,1465011218.jpg,http://ecx.images-amazon.com/images/I/51w0JzRIUFL.jpg,Lighthouses Calendar (Multilingual Edition),,3,Calendars
3836537966,3836537966.jpg,http://ecx.images-amazon.com/images/I/61Fs-w64C5L.jpg,Gaudi - 2013 (Taschen Wall Calendars),Benedikt TASCHEN,3,Calendars
3832758194,3832758194.jpg,http://ecx.images-amazon.com/images/I/61SbhpOKfiL.jpg,2013 Architecture Wall Calendar,teNeues,3,Calendars
1465010580,1465010580.jpg,http://ecx.images-amazon.com/images/I/51U7uhlpSJL.jpg,Great Lakes Lighthouses Calendar (Multilingual Edition),,3,Calendars
3836538016,3836538016.jpg,http://ecx.images-amazon.com/images/I/51jiXUkW9AL.jpg,Paris - 2013 (Taschen Wall Calendars),Benedikt TASCHEN,3,Calendars
1465028439,1465028439.jpg,http://ecx.images-amazon.com/images/I/51bllxBNf6L.jpg,"Lighthouses, Pacific Coast 2015 Square 12x12 (Multilingual Edition)",BrownTrout,3,Calendars
1937747212,1937747212.jpg,http://ecx.images-amazon.com/images/I/51JRqrvKD-L.jpg,Magnum Tractors Calendar 2014,Lee Klancher,3,Calendars
3836530465,3836530465.jpg,http://ecx.images-amazon.com/images/I/515%2ByRys3oL.jpg,New York - 2012,,3,Calendars
3832750894,3832750894.jpg,http://ecx.images-amazon.com/images/I/51EvEHyt3hL.jpg,"2012 Architecture Wall Calendar (English, German, French, Italian, Spanish and Dutch Edition)",,3,Calendars
1770982051,1770982051.jpg,http://ecx.images-amazon.com/images/I/51-PChqH2AL.jpg,Lighthouses of the World 2014 Calendar,Wyman Publishing,3,Calendars
1421661225,1421661225.jpg,http://ecx.images-amazon.com/images/I/613V9s61TcL.jpg,Outhouses 2011 Square 12X12 Wall Calendar,BrownTrout Publishers Inc,3,Calendars
1594908311,1594908311.jpg,http://ecx.images-amazon.com/images/I/61ijt7s32SL.jpg,Irish Pubs 2013 Calendar,Dennis Flaherty,3,Calendars
1421674343,1421674343.jpg,http://ecx.images-amazon.com/images/I/51n72X8tItL.jpg,Lighthouses 2012 Hardcover Weekly Engagement Calendar,BrownTrout Publishers Inc,3,Calendars
3836537990,3836537990.jpg,http://ecx.images-amazon.com/images/I/51vYkNhBLPL.jpg,New York - 2013 (Taschen Wall Calendars),Benedikt TASCHEN,3,Calendars
1565125983,1565125983.jpg,http://ecx.images-amazon.com/images/I/31YPBw0gU-L.jpg,Out on the Porch Calendar 2009,Algonquin Books,3,Calendars
1880777215,1880777215.jpg,http://ecx.images-amazon.com/images/I/21ZTykh4xRL.jpg,Colt Leather Calendar,,3,Calendars
1624383521,1624383521.jpg,http://ecx.images-amazon.com/images/I/61MnSa0xhOL.jpg,2016 Susan Branch 12 Month Desk Blotter Calendar,Susan Branch,3,Calendars
1449466362,1449466362.jpg,http://ecx.images-amazon.com/images/I/61J2y1lC-oL.jpg,Thomas Kinkade Painter of Light with Scripture 2016 Deluxe Wall Calendar,Thomas Kinkade,3,Calendars
1449466427,1449466427.jpg,http://ecx.images-amazon.com/images/I/61ghWESy%2BDL.jpg,Thomas Kinkade Special Collector's Edition 2016 Deluxe Wall Calendar: Mountain Majesty,Thomas Kinkade,3,Calendars
1419717456,1419717456.jpg,http://ecx.images-amazon.com/images/I/51c12WMxVFL.jpg,ART: 365 Days of Masterpieces,Metropolitan Museum Of Art,3,Calendars
1419717219,1419717219.jpg,http://ecx.images-amazon.com/images/I/613S6K5NrDL.jpg,Chihuly 2016 Weekly Planner,Dale Chihuly,3,Calendars
1449461719,1449461719.jpg,http://ecx.images-amazon.com/images/I/61sxNRJtbVL.jpg,Mary Engelbreit 2016 Mini Wall Calendar: Attitude Is Everything,Mary Engelbreit,3,Calendars
1624383637,1624383637.jpg,http://ecx.images-amazon.com/images/I/41z379T-i1L.jpg,2016-2017 Polka Dots 2 Year Pocket Calendar,TF Publishing,3,Calendars
1624382029,1624382029.jpg,http://ecx.images-amazon.com/images/I/61gzAJyWx9L.jpg,2016 Susan Branch Mini Calendar,Susan Branch,3,Calendars
1449466389,1449466389.jpg,http://ecx.images-amazon.com/images/I/61sCo1ImDeL.jpg,Thomas Kinkade Painter of Light with Scripture 2016 Engagement Calendar,Thomas Kinkade,3,Calendars
1631360094,1631360094.jpg,http://ecx.images-amazon.com/images/I/61aDc9dSMxL.jpg,Day of the Dead 2016 Wall Calendar: Sugar Skulls,Amber Lotus Publishing,3,Calendars
1612617654,1612617654.jpg,http://ecx.images-amazon.com/images/I/61UuJfMOLzL.jpg,The Advent Coloring Calendar: A Coloring Book to Bless and De-Stress Through the Season,Paraclete Press,3,Calendars
1449469043,1449469043.jpg,http://ecx.images-amazon.com/images/I/518DoSaahEL.jpg,Posh: Painter's Floral 2015-2016 Monthly Pocket Planning Calendar,Andrews McMeel Publishing LLC,3,Calendars
1416297405,1416297405.jpg,http://ecx.images-amazon.com/images/I/61NRpZs%2BuOL.jpg,Fantasy Art of Luis Royo 2016 Wall Calendar,Luis Royo,3,Calendars
1416297650,1416297650.jpg,http://ecx.images-amazon.com/images/I/614I%2BtGb%2BhL.jpg,Simplicity 2016 Wall Calendar,Deborah DeWit,3,Calendars
1890028738,1890028738.jpg,http://ecx.images-amazon.com/images/I/61twvGaIq2L.jpg,Private Presents Totally Nude Hot Girls 2016 Calendar - Hot Chick & Girl Girl,Private Media,3,Calendars
1631360507,1631360507.jpg,http://ecx.images-amazon.com/images/I/617y7SFji4L.jpg,Women of Myth & Magic 2016 Fantasy Art Wall Calendar,Kinuko Y. Craft,3,Calendars
1631360116,1631360116.jpg,http://ecx.images-amazon.com/images/I/61785ziDOUL.jpg,Environmental Art 2016 Wall Calendar: Contemporary Art in the Natural World,Amber Lotus Publishing,3,Calendars
1629051578,1629051578.jpg,http://ecx.images-amazon.com/images/I/61i5AVJIGTL.jpg,Bev Doolittle<br><br> Wall Calendar (2016),AMCAL,3,Calendars
1419717529,1419717529.jpg,http://ecx.images-amazon.com/images/I/51avZe0ncuL.jpg,Impressionism and Post-Impressionism 2016 Engagement Book,Metropolitan Museum Of Art,3,Calendars
1416297316,1416297316.jpg,http://ecx.images-amazon.com/images/I/617k9tlenoL.jpg,Cobblestone Way 2016 Wall Calendar,Kim Jacobs,3,Calendars
1449465358,1449465358.jpg,http://ecx.images-amazon.com/images/I/41V3YjHE%2BIL.jpg,Let's Pretend This Never Happened: The Art of David Olenick 2016 Wall Calendar,David Olenick,3,Calendars
1554569117,1554569117.jpg,http://ecx.images-amazon.com/images/I/51YjoPYgrTL.jpg,National Parks Classic Posters 2016 Wall Calendar,Anderson Design Group,3,Calendars
1419717502,1419717502.jpg,http://ecx.images-amazon.com/images/I/51mMSdKuEhL.jpg,Masterpieces 2016 Engagement Book,Metropolitan Museum Of Art,3,Calendars
1624382800,1624382800.jpg,http://ecx.images-amazon.com/images/I/51w1v3lVE8L.jpg,2016-2017 Susan Branch 2 Year Pocket Calendar,Susan Branch,3,Calendars
1631360272,1631360272.jpg,http://ecx.images-amazon.com/images/I/51Q5tQ-xHoL.jpg,Land Art 2016 Wall Calendar: Creations in Nature,Dietmar Voorwold,3,Calendars
1604601450,1604601450.jpg,http://ecx.images-amazon.com/images/I/61BWfR7kfOL.jpg,2016 Quilt Art Engagment Calendar,Hansen,3,Calendars
1624381243,1624381243.jpg,http://ecx.images-amazon.com/images/I/61zruy9I5XL.jpg,2016 On Broadway Wall Calendar,Playbill,3,Calendars
1449466311,1449466311.jpg,http://ecx.images-amazon.com/images/I/61g4XU2qI8L.jpg,Thomas Kinkade Gardens of Grace 2016 Wall Calendar,Thomas Kinkade,3,Calendars
1416297936,1416297936.jpg,http://ecx.images-amazon.com/images/I/61ZPJIu%2Bt%2BL.jpg,Art from the Soul 2016 Wall Calendar,Kelly Rae Roberts,3,Calendars
1416298576,1416298576.jpg,http://ecx.images-amazon.com/images/I/6188XofWhcL.jpg,Spirit of Place 2016 Engagement Calendar,John Gavrilis,3,Calendars
1631360442,1631360442.jpg,http://ecx.images-amazon.com/images/I/61b6-B%2BLIBL.jpg,For the Love of Frida 2016 Wall Calendar: Art and Words Inspired by Frida Kahlo,Angi Sullins,3,Calendars
1629051934,1629051934.jpg,http://ecx.images-amazon.com/images/I/51BP%2BX0G-OL.jpg,Studs 'n Spurs Wall Calendar (2016),Day Dream,3,Calendars
1616893729,1616893729.jpg,http://ecx.images-amazon.com/images/I/51Qms0vXMSL.jpg,Redstone Diary 2016: The Therapeutic Diary (Redstone Books),Julian Rothenstein,3,Calendars
1449466133,1449466133.jpg,http://ecx.images-amazon.com/images/I/61OgYZnpipL.jpg,Home Is in the Kitchen 2016 Deluxe Wall Calendar,Dan DiPaolo,3,Calendars
1449469035,1449469035.jpg,http://ecx.images-amazon.com/images/I/51m8CAh4a%2BL.jpg,Posh: Geo Tribe 2015-2016 Monthly Pocket Planning Calendar,Andrews McMeel Publishing LLC,3,Calendars
1624382665,1624382665.jpg,http://ecx.images-amazon.com/images/I/612BKcDLDjL.jpg,2016 Patterns 17 Month Spiral Planner,TF Publishing,3,Calendars
1416298568,1416298568.jpg,http://ecx.images-amazon.com/images/I/51Q0b8ri3DL.jpg,Simplicity 2016 Engagement Calendar,Deborah DeWit,3,Calendars
1624380506,1624380506.jpg,http://ecx.images-amazon.com/images/I/61hZCkeLudL.jpg,2016 Chalk It Up Wall Calendar,TF Publishing,3,Calendars
1624385222,1624385222.jpg,http://ecx.images-amazon.com/images/I/611I5i8zt8L.jpg,2016 Color Me Happy Daily Desktop Box Calendar,TF Publishing,3,Calendars
1624380425,1624380425.jpg,http://ecx.images-amazon.com/images/I/51kSJVwmyxL.jpg,2016 Big Grid Chalk Wall Calendar,TF Publishing,3,Calendars
1449466214,1449466214.jpg,http://ecx.images-amazon.com/images/I/61lM4vVDAkL.jpg,Thomas Kinkade Painter of Light 2016 Day-to-Day Calendar,Thomas Kinkade,3,Calendars
1419717294,1419717294.jpg,http://ecx.images-amazon.com/images/I/510tWxhT9XL.jpg,Hyperbole and a Half 2016 Engagement Calendar,Allie Brosh,3,Calendars
1631140760,1631140760.jpg,http://ecx.images-amazon.com/images/I/61XUJIz5E8L.jpg,Sara Steele Originals 2016 Calendar 11x14,Sara Steele,3,Calendars
1416297545,1416297545.jpg,http://ecx.images-amazon.com/images/I/51O7YUGOM1L.jpg,Master of Illusion 2016 Wall Calendar,Robert Gonsalves,3,Calendars
1419717391,1419717391.jpg,http://ecx.images-amazon.com/images/I/51PjjHu5Q3L.jpg,New York in Art 2016 Engagement Calendar,Metropolitan Museum Of Art,3,Calendars
1629052213,1629052213.jpg,http://ecx.images-amazon.com/images/I/61ZzStLv7NL.jpg,Chippendales Wall Calendar (2016),Day Dream,3,Calendars
1449466435,1449466435.jpg,http://ecx.images-amazon.com/images/I/619vI76ab8L.jpg,Thomas Kinkade Special Collector's Edition with Scripture 2016 Deluxe Wall Calen: Mountain Majesty,Thomas Kinkade,3,Calendars
1631360639,1631360639.jpg,http://ecx.images-amazon.com/images/I/61ny5dRl22L.jpg,Bike Art 2016 Bicycle Wall Calendar,Amber Lotus Publishing,3,Calendars
1449468756,1449468756.jpg,http://ecx.images-amazon.com/images/I/61WQH3%2BetYL.jpg,Posh: Indigo 2015-2016 Monthly Pocket Planning Calendar,Kate Spain,3,Calendars
1631360159,1631360159.jpg,http://ecx.images-amazon.com/images/I/611s2OSSkqL.jpg,Fractal Cosmos 2016 Wall Calendar,Alice Kelley,3,Calendars
1416297413,1416297413.jpg,http://ecx.images-amazon.com/images/I/51lpopKWaZL.jpg,Fender® Custom Shop Guitars 2016 Wall Calendar,Fender Guitar,3,Calendars
1629055336,1629055336.jpg,http://ecx.images-amazon.com/images/I/611HZnHj8oL.jpg,Keith Haring Wall Calendar (2016),Day Dream,3,Calendars
1449461808,1449461808.jpg,http://ecx.images-amazon.com/images/I/61RaTN8Aw1L.jpg,Mary Engelbreit's Moms Can Do Anything! 2015-16 Mom's 17-Month Family Calendar,Mary Engelbreit,3,Calendars
1631140361,1631140361.jpg,http://ecx.images-amazon.com/images/I/61RRjDEb6ML.jpg,Art of Jonathan Green 2016 Calendar 11x14,Jonathan Green,3,Calendars
1449466125,1449466125.jpg,http://ecx.images-amazon.com/images/I/51%2B4PPMLWRL.jpg,Coffee 2016 Deluxe Wall Calendar,Dan DiPaolo,3,Calendars
1624380697,1624380697.jpg,http://ecx.images-amazon.com/images/I/51AR3d5rYHL.jpg,2016 Dream Cars Wall Calendar,TF Publishing,3,Calendars
1937747468,1937747468.jpg,http://ecx.images-amazon.com/images/I/51ssm3AfpmL.jpg,Farmall Tractor Calendar 2016,Lee Klancher,3,Calendars
1910584053,1910584053.jpg,http://ecx.images-amazon.com/images/I/51jC64zyIzL.jpg,Autocourse 2016 Grand Prix Calendar: Contains Dates for September - December 2015,,3,Calendars
1782084967,1782084967.jpg,http://ecx.images-amazon.com/images/I/61CXhIfbAML.jpg,Porsche Calendar- 2016 Wall calendars - Car Calendar - Automobile Calendar - Monthly Wall Calendar by Avonside,MegaCalendars,3,Calendars
1515197158,1515197158.jpg,http://ecx.images-amazon.com/images/I/51q77CMOhzL.jpg,American Muscle Cars Weekly Planner 2016: 16 Month Calendar,Smith Smith,3,Calendars
1624380581,1624380581.jpg,http://ecx.images-amazon.com/images/I/51%2B9qxWOX7L.jpg,2016 Corvette Wall Calendar,General Motors,3,Calendars
1465039600,1465039600.jpg,http://ecx.images-amazon.com/images/I/61HFdbykLoL.jpg,Corvette 2016 Square 12x12 (ST-Silver Foil),Browntrout Publishers,3,Calendars
1631140655,1631140655.jpg,http://ecx.images-amazon.com/images/I/61zRlTMRxOL.jpg,Muscle Car Classics 2016 Calendar 11x14,Dan Lyons,3,Calendars
1782084800,1782084800.jpg,http://ecx.images-amazon.com/images/I/61Tc1xR2V6L.jpg,Ferrari Calendar- 2016 Wall calendars - Car Calendar - Automobile Calendar - Monthly Wall Calendar by Avonside,MegaCalendars,3,Calendars
1465039651,1465039651.jpg,http://ecx.images-amazon.com/images/I/51DdHbfyAAL.jpg,Volkswagen Bus 2016 Square 12x12,Browntrout Publishers,3,Calendars
1416297774,1416297774.jpg,http://ecx.images-amazon.com/images/I/61d1cUNodXL.jpg,Ultimate Motorcycle 2016 Wall Calendar,DK Publishing,3,Calendars
1631140442,1631140442.jpg,http://ecx.images-amazon.com/images/I/617Nn0NR2WL.jpg,Classic American Cars 2016 Calendar 11x14,Dan Lyons,3,Calendars
1629051861,1629051861.jpg,http://ecx.images-amazon.com/images/I/61mH4yTkl3L.jpg,Disney Pixar Cars Wall Calendar (2016),Day Dream,3,Calendars
1624380476,1624380476.jpg,http://ecx.images-amazon.com/images/I/61ZTQrJ76OL.jpg,2016 Camaro Wall Calendar,General Motors,3,Calendars
1629053929,1629053929.jpg,http://ecx.images-amazon.com/images/I/51A0aLP0LfL.jpg,Corvette Wall Calendar (2016),Mead,3,Calendars
1782084711,1782084711.jpg,http://ecx.images-amazon.com/images/I/61AgycA65FL.jpg,Aston Martin Calendar - 2016 Wall Calendars - Car Calendars - James Bond - Monthly Wall Calendar by Avonside,MegaCalendars,3,Calendars
1782084703,1782084703.jpg,http://ecx.images-amazon.com/images/I/61lYxTq%2BxHL.jpg,American Classic Cars Calendar- 2016 Wall calendars - Car Calendar - Automobile Calendar - Monthly Wall Calendar by Avonside,MegaCalendars,3,Calendars
1416297308,1416297308.jpg,http://ecx.images-amazon.com/images/I/6199tOSXMFL.jpg,Classics Ultimate Automobiles 2016 Wall Calendar,DK Publishing,3,Calendars
1782084770,1782084770.jpg,http://ecx.images-amazon.com/images/I/61a7qCkSOxL.jpg,Classic Sports Cars Calendar- 2016 Wall calendars - Car Calendar - Automobile Calendar - Monthly Wall Calendar by Avonside,MegaCalendars,3,Calendars
1937747476,1937747476.jpg,http://ecx.images-amazon.com/images/I/51sb0AinOQL.jpg,Red Combines Calendar 2016,Lee Klancher,3,Calendars
1623438616,1623438616.jpg,http://ecx.images-amazon.com/images/I/51THd%2BvvJLL.jpg,2016 Classic Cars & Trucks Box Calendar,Willow Creek Press,3,Calendars
1465039503,1465039503.jpg,http://ecx.images-amazon.com/images/I/51NU3AJAduL.jpg,American Muscle Cars 2016 Square 12x12 Plato,Browntrout Publishers,3,Calendars
1624381715,1624381715.jpg,http://ecx.images-amazon.com/images/I/61WH5PA%2BrkL.jpg,2016 Vintage Tractors Wall Calendar,Gary Alan Nelson,3,Calendars
1782084754,1782084754.jpg,http://ecx.images-amazon.com/images/I/61IL9h0df4L.jpg,Citroen Classic Cars Calendar- 2016 Wall calendars - Car Calendar - Automobile Calendar - Monthly Wall Calendar by Avonside,MegaCalendars,3,Calendars
1465039627,1465039627.jpg,http://ecx.images-amazon.com/images/I/51-Ejdu95ZL.jpg,Dodge Charger 2016 Square 12x12,Browntrout Publishers,3,Calendars
1631140450,1631140450.jpg,http://ecx.images-amazon.com/images/I/61emUoXTtzL.jpg,Classic British Cars 2016 Calendar 11x14,Dan Lyons,3,Calendars
1847576400,1847576400.jpg,http://ecx.images-amazon.com/images/I/51SOKqgnfkL.jpg,Ferrari F1 2016 Square Calendar 30x30cm,,3,Calendars
1782084916,1782084916.jpg,http://ecx.images-amazon.com/images/I/61rjwX4sJxL.jpg,MG Calendar- 2016 Wall calendars - Car Calendar - Automobile Calendar - Monthly Wall Calendar by Avonside,MegaCalendars,3,Calendars
1782085149,1782085149.jpg,http://ecx.images-amazon.com/images/I/61equhaqgmL.jpg,VW Campers Calendar- 2016 Wall calendars - Car Calendar - Automobile Calendar - Monthly Wall Calendar by Avonside,MegaCalendars,3,Calendars
1782084851,1782084851.jpg,http://ecx.images-amazon.com/images/I/61pNbzkxLbL.jpg,Jaguar Calendar- 2016 Wall calendars - Car Calendar - Automobile Calendar - Monthly Wall Calendar by Avonside,MegaCalendars,3,Calendars
1469333759,1469333759.jpg,http://ecx.images-amazon.com/images/I/51EhUnEBNxL.jpg,Classic Cars & Trucks 2016 Calendar,,3,Calendars
1622267508,1622267508.jpg,http://ecx.images-amazon.com/images/I/61w7VJy%2BZPL.jpg,"Orange Circle Studio 16-Month 2016 Wall Calendar, Classic Cars",Orange Circle Studios,3,Calendars
1465003401,1465003401.jpg,http://ecx.images-amazon.com/images/I/51d9gDJt5qL.jpg,Pontiac GTO 2013 Calendar,,3,Calendars
1782083553,1782083553.jpg,http://ecx.images-amazon.com/images/I/61rYA3afblL.jpg,VW Campers Calendar- 2015 Wall calendars - Car Calendar - Automobile Calendar - Monthly Wall Calendar by Avonside,MegaCalendars,3,Calendars
1937747425,1937747425.jpg,http://ecx.images-amazon.com/images/I/51HQgCkH6AL.jpg,Farmall 2015,Lee Klancher,3,Calendars
1465039546,1465039546.jpg,http://ecx.images-amazon.com/images/I/51xIB-mBx8L.jpg,Mustang 2016 Square 12x12 (ST-Red Foil),Browntrout Publishers,3,Calendars
1623255945,1623255945.jpg,http://ecx.images-amazon.com/images/I/618gn6zmfeL.jpg,2016 Dogs in Cars Wall Calendar,,3,Calendars
1438831706,1438831706.jpg,http://ecx.images-amazon.com/images/I/51knWM73YML.jpg,Harley-Davidson 2015 Day-at-a-Time Box Calendar,Trends International,3,Calendars
1465039511,1465039511.jpg,http://ecx.images-amazon.com/images/I/61%2BawTZPepL.jpg,Classic Ford Pickups 2016 Square 12x12,Browntrout Publishers,3,Calendars
1465039643,1465039643.jpg,http://ecx.images-amazon.com/images/I/51igrCQNbML.jpg,Corvette 2016 Mini 7x7 (Multilingual Edition),Browntrout Publishers,3,Calendars
1629053937,1629053937.jpg,http://ecx.images-amazon.com/images/I/514DHn9YRUL.jpg,Camaro Wall Calendar (2016),Mead,3,Calendars
1937747395,1937747395.jpg,http://ecx.images-amazon.com/images/I/51fLzkvdAIL.jpg,Bike EXIF Custom Motorcycle Calendar 2015 (Multilingual Edition),Chris Hunter,3,Calendars
1629050008,1629050008.jpg,http://ecx.images-amazon.com/images/I/61XP8U1CeIL.jpg,Disney Pixar Cars Wall Calendar (2015),Day Dream,3,Calendars
1438832818,1438832818.jpg,http://ecx.images-amazon.com/images/I/61apbQaALKL.jpg,Harley Davidson 2015 Premium Wall Calendar,Trends International,3,Calendars
1423827740,1423827740.jpg,http://ecx.images-amazon.com/images/I/51LZOMULA4L.jpg,Camaro Wall Calendar (2015),Day Dream,3,Calendars
1554842867,1554842867.jpg,http://ecx.images-amazon.com/images/I/610pi290KXL.jpg,Sons of Anarchy Wall Calendar,,3,Calendars
1465009957,1465009957.jpg,http://ecx.images-amazon.com/images/I/51OHkLR7EHL.jpg,Corvette Official 18-Month Calendar (Multilingual Edition),,3,Calendars
1423809548,1423809548.jpg,http://ecx.images-amazon.com/images/I/61S35i4m8RL.jpg,2012 Cars 2 Wall Calendar,Day Dream,3,Calendars
1617915246,1617915246.jpg,http://ecx.images-amazon.com/images/I/51-B7V28hmL.jpg,Speed Calendar - 2016 Wall Calendars - Racing Calendar - Race Car Calendar - Monthly Wall Calendar by Magnum,MegaCalendars,3,Calendars
1515196585,1515196585.jpg,http://ecx.images-amazon.com/images/I/51sMN4vjFiL.jpg,American Muscle Cars Calendar 2016: 16 Month Calendar,Jack Smith,3,Calendars
1416298436,1416298436.jpg,http://ecx.images-amazon.com/images/I/61rh8pGG6XL.jpg,Classic American Pickups 2016 Mini Calendar,William Bennett Seitz,3,Calendars
1505357675,1505357675.jpg,http://ecx.images-amazon.com/images/I/512o8ei61OL.jpg,Sports Cars Calendar 2015: 16 Month Calendar,James Bates,3,Calendars
1623436648,1623436648.jpg,http://ecx.images-amazon.com/images/I/61Q7Cc0hFiL.jpg,2016 Classic Cruisin' & Chrome Wall Calendar,Willow Creek Press,3,Calendars
1782083227,1782083227.jpg,http://ecx.images-amazon.com/images/I/51PiQYBN14L.jpg,Ferrari Calendar- 2015 Wall calendars - Car Calendar - Automobile Calendar - Monthly Wall Calendar by Avonside,MegaCalendars,3,Calendars
1937747387,1937747387.jpg,http://ecx.images-amazon.com/images/I/51WH3iV-WjL.jpg,Adventure Motorcycle Calendar 2015,Lee Klancher,3,Calendars
1579002471,1579002471.jpg,http://ecx.images-amazon.com/images/I/51CVZZWZrNL.jpg,2015 Dream Cars Wall Calendar,TF PUBLISHING,3,Calendars
1905334907,1905334907.jpg,http://ecx.images-amazon.com/images/I/61JV5Ool44L.jpg,Autocourse 2015 Grand Prix Calendar: Contains Dates for September - December 2014,,3,Calendars
1782083383,1782083383.jpg,http://ecx.images-amazon.com/images/I/51mzKmY8KpL.jpg,Porsche Calendar- 2015 Wall calendars - Car Calendar - Automobile Calendar - Monthly Wall Calendar by Avonside,MegaCalendars,3,Calendars
1465039570,1465039570.jpg,http://ecx.images-amazon.com/images/I/51dgkPdVFmL.jpg,Camaro 2016 Square 12x12,Browntrout Publishers,3,Calendars
1579002188,1579002188.jpg,http://ecx.images-amazon.com/images/I/61bGjBEPWuL.jpg,2015 Camaro Wall Calendar,TF PUBLISHING,3,Calendars
1505357535,1505357535.jpg,http://ecx.images-amazon.com/images/I/51m1k5nGizL.jpg,Classic Cars Calendar 2015: 16 Month Calendar,James Bates,3,Calendars
1846625351,1846625351.jpg,http://ecx.images-amazon.com/images/I/61guJbsSnRL.jpg,2009 Classic Sports Cars Wall Calendar,Avonside Publishing,3,Calendars
1937747050,1937747050.jpg,http://ecx.images-amazon.com/images/I/518THLO9QmL.jpg,Motorsport Retro F1 Calendar 2013,Paul-Henri Cahier,3,Calendars
1517405912,1517405912.jpg,http://ecx.images-amazon.com/images/I/614aTjDsZ7L.jpg,Superbikes Calendar 2016: 16 Month Calendar,Jack Smith,3,Calendars
1423826760,1423826760.jpg,http://ecx.images-amazon.com/images/I/51cw5f5uKhL.jpg,Corvette Wall Calendar (2015),Day Dream,3,Calendars
1579002420,1579002420.jpg,http://ecx.images-amazon.com/images/I/61hAah8FATL.jpg,2015 Danica Patrick Wall Calendar,TF PUBLISHING,3,Calendars
1517294444,1517294444.jpg,http://ecx.images-amazon.com/images/I/51CoBYs2AaL.jpg,Motor Boats Mini Wall Calendar 2016: 16 Month Calendar,Jack Smith,3,Calendars
1518706983,1518706983.jpg,http://ecx.images-amazon.com/images/I/51xdaHj6oWL.jpg,Sailing Pocket Monthly Planner 2016: 16 Month Calendar,Jack Smith,3,Calendars
1610463129,1610463129.jpg,http://ecx.images-amazon.com/images/I/51uTUaP-WIL.jpg,2016 Boats & Harbors Wall Calendar,Brush Dance and Carr Clifton,3,Calendars
1465042032,1465042032.jpg,http://ecx.images-amazon.com/images/I/51qD%2B7VrEmL.jpg,Sailing 2016 Square 12x12,Browntrout Publishers,3,Calendars
1554569249,1554569249.jpg,http://ecx.images-amazon.com/images/I/61LzqFrNOML.jpg,Ships 2016 Wall Calendar,James Williamson,3,Calendars
1517514967,1517514967.jpg,http://ecx.images-amazon.com/images/I/41dVo1MGEbL.jpg,Wooden Boats Pocket Monthly Planner 2016: 16 Month Calendar,Jack Smith,3,Calendars
1631140787,1631140787.jpg,http://ecx.images-amazon.com/images/I/51txGqZSYUL.jpg,Tall Ships 2016 Calendar 11x14,Tide-Mark Press Sailing,3,Calendars
1517514738,1517514738.jpg,http://ecx.images-amazon.com/images/I/51S8Xxu0QeL.jpg,Wooden Boats Weekly Planner 2016: 16 Month Calendar,Jack Smith,3,Calendars
1465046143,1465046143.jpg,http://ecx.images-amazon.com/images/I/51qrGQZ0yeL.jpg,Tall Ships 2016 Square 12x12 (Multilingual Edition),Browntrout Publishers,3,Calendars
