city,theatre
hyderabad,AMB Cinemas: Gachibowli
hyderabad,Asian Cineplanet Multiplex: Kompally
hyderabad,Asian CineSquare Multiplex: Uppal
hyderabad,Asian GPR Multiplex: Kukatpally
hyderabad,Asian Lakshmikala Cinepride: Moosapet
hyderabad,Asian M Cube Mall: Attapur
hyderabad,Asian Radhika Multiplex: ECIL
hyderabad,Asian Sha: Chintal
hyderabad,Asian Shiva 4K: Dilsukhnagar
hyderabad,Asian Tarakarama Cineplex: Kachiguda
hyderabad,BVK Multiplex Vijayalakshmi: LB Nagar
hyderabad,Carnival: Ameerpet
hyderabad,"Carnival: Leonia, Shameerpet"
hyderabad,Cine Town: Miyapur
hyderabad,"Cinepolis: CCPL Mall Malkajgiri, Hyderabad"
hyderabad,"Cinepolis: Manjeera Mall, Kukatpally"
hyderabad,"Cinepolis: Mantra Mall, Attapur"
hyderabad,"Cinepolis: Sudha Cinemas, Hyderabad"
hyderabad,"INOX: GVK One, Banjara Hills"
hyderabad,INOX: Maheshwari
hyderabad,"Miraj Cinemas: Shalini Shivani, Hyderabad"
hyderabad,Platinum Movietime: Gachibowli
hyderabad,Prasads: Hyderabad
hyderabad,Prasads: Large Screen
hyderabad,"PVR Forum Sujana Mall: Kukatpally, Hyderabad"
hyderabad,"PVR ICON: Hitech, Madhapur, Hyderabad"
hyderabad,"PVR: Inorbit, Cyberabad"
hyderabad,"PVR: Irrum Manzil, Hyderabad"
hyderabad,"PVR: Musarambagh, Hyderabad"
hyderabad,"PVR: Next Galleria Mall, Panjagutta"
hyderabad,"PVR: Panjagutta, Hyderabad"
hyderabad,"PVR: RK Cineplex, Hyderabad"
hyderabad,Ramakrishna 70MM - Indra Cinemas: Abids
hyderabad,"SPI: S2 Mallapur Noma Talkies, Secunderabad"
hyderabad,Sri Sai Ram 70mm A/C 4k Dolby Atmos: Malkajgiri
hyderabad,Tivoli Cinemas: Secunderabad
hyderabad,VLS Sridevi 2K A/C Dts: Chilakalguda
hyderabad,Asian Jyothi: RC Puram
hyderabad,Asian Lakshmikala Cinepride: Moosapet
hyderabad,Bhramaramba 70MM A/C Dts: Kukatpally
hyderabad,Carnival: Ameerpet
hyderabad,"Cinepolis: Mantra Mall, Attapur"
hyderabad,Kalyani Movie Max: Bowenpally
hyderabad,Raghavendra 35mm: Malkajgiri
hyderabad,Sree Ramana 70MM 4K: Amberpet
hyderabad,"Mukta A2 Cinemas, Laxmi: Shamshabad"
hyderabad,Sri Mayuri Theatre: RTC X Roads
hyderabad,AMB Cinemas: Gachibowli
hyderabad,Asian CineSquare Multiplex: Uppal
hyderabad,Asian M Cube Mall: Attapur
hyderabad,Asian Radhika Multiplex: ECIL
hyderabad,"Cinepolis: CCPL Mall Malkajgiri, Hyderabad"
hyderabad,"Cinepolis: Mantra Mall, Attapur"
hyderabad,"Cinepolis: Sudha Cinemas, Hyderabad"
hyderabad,"INOX: GVK One, Banjara Hills"
hyderabad,"PVR Forum Sujana Mall: Kukatpally, Hyderabad"
hyderabad,"PVR ICON: Hitech, Madhapur, Hyderabad"
hyderabad,"PVR: Inorbit, Cyberabad"
hyderabad,"PVR: Irrum Manzil, Hyderabad"
hyderabad,"PVR: Musarambagh, Hyderabad"
hyderabad,"PVR: Next Galleria Mall, Panjagutta"
hyderabad,"PVR: Panjagutta, Hyderabad"
hyderabad,"PVR: Play House Next Galleria Mall, Panjagutta"
hyderabad,Sandhya 35mm: RTC X Road
hyderabad,Shanti Theatre: Narayanaguda
hyderabad,Tivoli Cinemas: Secunderabad
hyderabad,Asian Swapna 70mm: Katedan
hyderabad,"Cinepolis: Sudha Cinemas, Hyderabad"
hyderabad,Kumar Theatre: Kachiguda
hyderabad,"PVR Forum Sujana Mall: Kukatpally, Hyderabad"
hyderabad,Santosh Cinemas: Abids
hyderabad,Sree Rama Theatre: Bahadurpura
hyderabad,"Cinepolis: Mantra Mall, Attapur"
hyderabad,"Cinepolis: Sudha Cinemas, Hyderabad"
hyderabad,INOX: Maheshwari
hyderabad,Mukta A2 Cinemas: Abids
hyderabad,"PVR: 4DX, Irrum Manzil, Hyderabad"
hyderabad,AMB Cinemas: Gachibowli
hyderabad,Asian Cineplanet Multiplex: Kompally
hyderabad,Asian CineSquare Multiplex: Uppal
hyderabad,Asian GPR Multiplex: Kukatpally
hyderabad,Asian Lakshmikala Cinepride: Moosapet
hyderabad,Asian M Cube Mall: Attapur
hyderabad,Asian Radhika Multiplex: ECIL
hyderabad,Asian Sha: Chintal
hyderabad,Asian Shiva 4K: Dilsukhnagar
hyderabad,Asian Tarakarama Cineplex: Kachiguda
hyderabad,BVK Multiplex Vijayalakshmi: LB Nagar
hyderabad,Carnival: Ameerpet
hyderabad,Cine Town: Miyapur
hyderabad,"Cinepolis: CCPL Mall Malkajgiri, Hyderabad"
hyderabad,"Cinepolis: Manjeera Mall, Kukatpally"
hyderabad,"Cinepolis: Mantra Mall, Attapur"
hyderabad,"INOX: GVK One, Banjara Hills"
hyderabad,INOX: Maheshwari
hyderabad,"Miraj Cinemas: Shalini Shivani, Hyderabad"
hyderabad,Platinum Movietime: Gachibowli
hyderabad,Prasads: Hyderabad
hyderabad,Prasads: Large Screen
hyderabad,"PVR Forum Sujana Mall: Kukatpally, Hyderabad"
hyderabad,"PVR ICON: Hitech, Madhapur, Hyderabad"
hyderabad,"PVR: Inorbit, Cyberabad"
hyderabad,"PVR: Irrum Manzil, Hyderabad"
hyderabad,"PVR: Musarambagh, Hyderabad"
hyderabad,"PVR: Next Galleria Mall, Panjagutta"
hyderabad,"PVR: Panjagutta, Hyderabad"
hyderabad,"PVR: RK Cineplex, Hyderabad"
hyderabad,Ramakrishna 70MM - Indra Cinemas: Abids
hyderabad,"SPI: S2 Mallapur Noma Talkies, Secunderabad"
hyderabad,Sri Sai Ram 70mm A/C 4k Dolby Atmos: Malkajgiri
hyderabad,Tivoli Cinemas: Secunderabad
hyderabad,VLS Sridevi 2K A/C Dts: Chilakalguda
hyderabad,Asian Jyothi: RC Puram
hyderabad,Bhramaramba 70MM A/C Dts: Kukatpally
hyderabad,Carnival: Ameerpet
hyderabad,"Cinepolis: CCPL Mall Malkajgiri, Hyderabad"
hyderabad,"Cinepolis: Mantra Mall, Attapur"
hyderabad,Kalyani Movie Max: Bowenpally
hyderabad,"PVR Forum Sujana Mall: Kukatpally, Hyderabad"
hyderabad,"PVR: Next Galleria Mall, Panjagutta"
hyderabad,Raghavendra 35mm: Malkajgiri
hyderabad,Sree Ramana 70MM 4K: Amberpet
hyderabad,Asian Lakshmikala Cinepride: Moosapet
hyderabad,"Mukta A2 Cinemas, Laxmi: Shamshabad"
hyderabad,Sri Mayuri Theatre: RTC X Roads
hyderabad,AMB Cinemas: Gachibowli
hyderabad,Asian Cineplanet Multiplex: Kompally
hyderabad,Asian CineSquare Multiplex: Uppal
hyderabad,Asian M Cube Mall: Attapur
hyderabad,Asian Radhika Multiplex: ECIL
hyderabad,"Cinepolis: CCPL Mall Malkajgiri, Hyderabad"
hyderabad,"Cinepolis: Manjeera Mall, Kukatpally"
hyderabad,"Cinepolis: Mantra Mall, Attapur"
hyderabad,"INOX: GVK One, Banjara Hills"
hyderabad,INOX: Maheshwari
hyderabad,Prasads: Hyderabad
hyderabad,"PVR Forum Sujana Mall: Kukatpally, Hyderabad"
hyderabad,"PVR ICON: Hitech, Madhapur, Hyderabad"
hyderabad,"PVR: Inorbit, Cyberabad"
hyderabad,"PVR: Irrum Manzil, Hyderabad"
hyderabad,"PVR: Musarambagh, Hyderabad"
hyderabad,"PVR: Next Galleria Mall, Panjagutta"
hyderabad,"PVR: Panjagutta, Hyderabad"
hyderabad,"PVR: Play House Next Galleria Mall, Panjagutta"
hyderabad,Sandhya 35mm: RTC X Road
hyderabad,Shanti Theatre: Narayanaguda
hyderabad,"SPI: S2 Mallapur Noma Talkies, Secunderabad"
hyderabad,Tivoli Cinemas: Secunderabad
hyderabad,Kumar Theatre: Kachiguda
hyderabad,"PVR Forum Sujana Mall: Kukatpally, Hyderabad"
hyderabad,Santosh Cinemas: Abids
hyderabad,Sree Rama Theatre: Bahadurpura
hyderabad,"Cinepolis: Mantra Mall, Attapur"
hyderabad,INOX: Maheshwari
hyderabad,Mukta A2 Cinemas: Abids
hyderabad,"PVR: 4DX, Irrum Manzil, Hyderabad"
hyderabad,AMB Cinemas: Gachibowli
hyderabad,Asian Cineplanet Multiplex: Kompally
hyderabad,Asian CineSquare Multiplex: Uppal
hyderabad,Asian GPR Multiplex: Kukatpally
hyderabad,Asian Lakshmikala Cinepride: Moosapet
hyderabad,Asian M Cube Mall: Attapur
hyderabad,Asian Radhika Multiplex: ECIL
hyderabad,Asian Sha: Chintal
hyderabad,Asian Shiva 4K: Dilsukhnagar
hyderabad,Asian Tarakarama Cineplex: Kachiguda
hyderabad,BVK Multiplex Vijayalakshmi: LB Nagar
hyderabad,Carnival: Ameerpet
hyderabad,"Carnival: Leonia, Shameerpet"
hyderabad,Cine Town: Miyapur
hyderabad,"Cinepolis: CCPL Mall Malkajgiri, Hyderabad"
hyderabad,"Cinepolis: Manjeera Mall, Kukatpally"
hyderabad,"Cinepolis: Mantra Mall, Attapur"
hyderabad,"Cinepolis: Sudha Cinemas, Hyderabad"
hyderabad,"INOX: GVK One, Banjara Hills"
hyderabad,INOX: Maheshwari
hyderabad,"Miraj Cinemas: Shalini Shivani, Hyderabad"
hyderabad,Platinum Movietime: Gachibowli
hyderabad,Prasads: Hyderabad
hyderabad,Prasads: Large Screen
hyderabad,"PVR Forum Sujana Mall: Kukatpally, Hyderabad"
hyderabad,"PVR ICON: Hitech, Madhapur, Hyderabad"
hyderabad,"PVR: Inorbit, Cyberabad"
hyderabad,"PVR: Irrum Manzil, Hyderabad"
hyderabad,"PVR: Musarambagh, Hyderabad"
hyderabad,"PVR: Next Galleria Mall, Panjagutta"
hyderabad,"PVR: Panjagutta, Hyderabad"
hyderabad,"PVR: RK Cineplex, Hyderabad"
hyderabad,Ramakrishna 70MM - Indra Cinemas: Abids
hyderabad,"SPI: S2 Mallapur Noma Talkies, Secunderabad"
hyderabad,Sri Sai Ram 70mm A/C 4k Dolby Atmos: Malkajgiri
hyderabad,Tivoli Cinemas: Secunderabad
hyderabad,VLS Sridevi 2K A/C Dts: Chilakalguda
hyderabad,Asian Jyothi: RC Puram
hyderabad,Asian Lakshmikala Cinepride: Moosapet
hyderabad,Bhramaramba 70MM A/C Dts: Kukatpally
hyderabad,Carnival: Ameerpet
hyderabad,"Cinepolis: Mantra Mall, Attapur"
hyderabad,Kalyani Movie Max: Bowenpally
hyderabad,Raghavendra 35mm: Malkajgiri
hyderabad,Sree Ramana 70MM 4K: Amberpet
hyderabad,"Mukta A2 Cinemas, Laxmi: Shamshabad"
hyderabad,Sri Mayuri Theatre: RTC X Roads
hyderabad,AMB Cinemas: Gachibowli
hyderabad,Asian CineSquare Multiplex: Uppal
hyderabad,Asian M Cube Mall: Attapur
hyderabad,Asian Radhika Multiplex: ECIL
hyderabad,"Cinepolis: CCPL Mall Malkajgiri, Hyderabad"
hyderabad,"Cinepolis: Mantra Mall, Attapur"
hyderabad,"Cinepolis: Sudha Cinemas, Hyderabad"
hyderabad,"INOX: GVK One, Banjara Hills"
hyderabad,"PVR Forum Sujana Mall: Kukatpally, Hyderabad"
hyderabad,"PVR ICON: Hitech, Madhapur, Hyderabad"
hyderabad,"PVR: Inorbit, Cyberabad"
hyderabad,"PVR: Irrum Manzil, Hyderabad"
hyderabad,"PVR: Musarambagh, Hyderabad"
hyderabad,"PVR: Next Galleria Mall, Panjagutta"
hyderabad,"PVR: Panjagutta, Hyderabad"
hyderabad,"PVR: Play House Next Galleria Mall, Panjagutta"
hyderabad,Sandhya 35mm: RTC X Road
hyderabad,Shanti Theatre: Narayanaguda
hyderabad,Tivoli Cinemas: Secunderabad
hyderabad,Asian Swapna 70mm: Katedan
hyderabad,"Cinepolis: Sudha Cinemas, Hyderabad"
hyderabad,Kumar Theatre: Kachiguda
hyderabad,"PVR Forum Sujana Mall: Kukatpally, Hyderabad"
hyderabad,Santosh Cinemas: Abids
hyderabad,Sree Rama Theatre: Bahadurpura
hyderabad,"Cinepolis: Mantra Mall, Attapur"
hyderabad,"Cinepolis: Sudha Cinemas, Hyderabad"
hyderabad,INOX: Maheshwari
hyderabad,Mukta A2 Cinemas: Abids
hyderabad,"PVR: 4DX, Irrum Manzil, Hyderabad"
hyderabad,BR Hitech 70mm: Madhapur
hyderabad,BVK Multiplex Vijayalakshmi: LB Nagar
hyderabad,"Cinepolis: CCPL Mall Malkajgiri, Hyderabad"
hyderabad,"Cinepolis: Manjeera Mall, Kukatpally"
hyderabad,"Cinepolis: Mantra Mall, Attapur"
hyderabad,Prasads: Hyderabad
hyderabad,Prasads: Large Screen
hyderabad,Ramakrishna 70MM - Indra Cinemas: Abids
hyderabad,Sri Sai Ram 70mm A/C 4k Dolby Atmos: Malkajgiri
hyderabad,VLS Sridevi 2K A/C Dts: Chilakalguda
hyderabad,Bhramaramba 70MM A/C Dts: Kukatpally
hyderabad,Sree Ramana 70MM 4K: Amberpet
hyderabad,Vijetha 70MM: Borabanda
hyderabad,Sri Mayuri Theatre: RTC X Roads
hyderabad,Prasads: Hyderabad
hyderabad,Asian Swapna 70mm: Katedan
hyderabad,"Cinepolis: Sudha Cinemas, Hyderabad"
hyderabad,Kumar Theatre: Kachiguda
hyderabad,"PVR Forum Sujana Mall: Kukatpally, Hyderabad"
hyderabad,Santosh Cinemas: Abids
hyderabad,Sree Rama Theatre: Bahadurpura
hyderabad,"Cinepolis: Sudha Cinemas, Hyderabad"
hyderabad,Mukta A2 Cinemas: Abids
hyderabad,"PVR: 4DX, Irrum Manzil, Hyderabad"
hyderabad,BR Hitech 70mm: Madhapur
hyderabad,BVK Multiplex Vijayalakshmi: LB Nagar
hyderabad,"Cinepolis: CCPL Mall Malkajgiri, Hyderabad"
hyderabad,"Cinepolis: Manjeera Mall, Kukatpally"
hyderabad,"Cinepolis: Mantra Mall, Attapur"
hyderabad,Prasads: Hyderabad
hyderabad,Prasads: Large Screen
hyderabad,Ramakrishna 70MM - Indra Cinemas: Abids
hyderabad,Sri Sai Ram 70mm A/C 4k Dolby Atmos: Malkajgiri
hyderabad,VLS Sridevi 2K A/C Dts: Chilakalguda
hyderabad,Bhramaramba 70MM A/C Dts: Kukatpally
hyderabad,Sree Ramana 70MM 4K: Amberpet
hyderabad,Vijetha 70MM: Borabanda
hyderabad,Sri Mayuri Theatre: RTC X Roads
hyderabad,Prasads: Hyderabad
hyderabad,Asian Swapna 70mm: Katedan
hyderabad,"Cinepolis: Sudha Cinemas, Hyderabad"
hyderabad,Kumar Theatre: Kachiguda
hyderabad,"PVR Forum Sujana Mall: Kukatpally, Hyderabad"
hyderabad,Santosh Cinemas: Abids
hyderabad,Sree Rama Theatre: Bahadurpura
hyderabad,"Cinepolis: Sudha Cinemas, Hyderabad"
hyderabad,Mukta A2 Cinemas: Abids
hyderabad,"PVR: 4DX, Irrum Manzil, Hyderabad"
hyderabad,Alankar (Pratap Theatre): Langer House
hyderabad,AMB Cinemas: Gachibowli
hyderabad,Aradhana Theatre: Hyderabad
hyderabad,Arjun 70MM: Kukatpally
hyderabad,Asian Cineplanet Multiplex: Kompally
hyderabad,Asian CineSquare Multiplex: Uppal
hyderabad,Asian Ganga 4K: Dilsukhnagar
hyderabad,Asian GPR Multiplex: Kukatpally
hyderabad,Asian M Cube Mall: Attapur
hyderabad,Asian Mukund Cinema: Medchal
hyderabad,Asian Radhika Multiplex: ECIL
hyderabad,Asian Sha: Chintal
hyderabad,Asian Shahensha: Chintal
hyderabad,Asian Swapna 35mm: Katedan
hyderabad,Bhujanga 70MM: Jeedimetla
hyderabad,BR Hitech 70mm: Madhapur
hyderabad,BVK Multiplex Vijayalakshmi: LB Nagar
hyderabad,Carnival: Ameerpet
hyderabad,"Carnival: Leonia, Shameerpet"
hyderabad,Cine Town: Miyapur
hyderabad,"Cinepolis: CCPL Mall Malkajgiri, Hyderabad"
hyderabad,"Cinepolis: Manjeera Mall, Kukatpally"
hyderabad,"Cinepolis: Mantra Mall, Attapur"
hyderabad,"Cinepolis: Sudha Cinemas, Hyderabad"
hyderabad,Galaxy Cinema: Toli Chowki
hyderabad,Ganesh 70mm: Shamshabad
hyderabad,Gokul 70MM: Erragadda
hyderabad,Indra: Karmanghat
hyderabad,"INOX: GVK One, Banjara Hills"
hyderabad,INOX: Maheshwari
hyderabad,Mallikarjuna 70mm A/C DTS: Kukatpally
hyderabad,Manju Cinema: Kalasiguda
hyderabad,"Miraj Cinemas: Shalini Shivani, Hyderabad"
hyderabad,Nartaki Theatre: Alwal
hyderabad,Platinum Movietime: Gachibowli
hyderabad,Prasads: Hyderabad
hyderabad,"PVR Forum Sujana Mall: Kukatpally, Hyderabad"
hyderabad,"PVR ICON: Hitech, Madhapur, Hyderabad"
hyderabad,"PVR: Inorbit, Cyberabad"
hyderabad,"PVR: Irrum Manzil, Hyderabad"
hyderabad,"PVR: Musarambagh, Hyderabad"
hyderabad,"PVR: Next Galleria Mall, Panjagutta"
hyderabad,"PVR: Panjagutta, Hyderabad"
hyderabad,"PVR: RK Cineplex, Hyderabad"
hyderabad,Raghavendra 70mm: Malkajgiri
hyderabad,Rajdhani 70mm: Dilsukhnagar
hyderabad,Sandhya 70mm Dolby Atmos: RTC X Roads
hyderabad,Sensation Sunshine: Khairatabad
hyderabad,"SPI: S2 Mallapur Noma Talkies, Secunderabad"
hyderabad,Sree Ramulu 70mm: Moosapet
hyderabad,Sri Krishna 70MM: Uppal
hyderabad,Srilatha Cinema: Chanda Nagar
hyderabad,SVR`s Siva Sakthi Theatre: Kapra
hyderabad,Talluri Theatres: Kushaiguda
hyderabad,Tivoli Cinemas: Secunderabad
hyderabad,Alankar (Pratap Theatre): Langer House
hyderabad,AMB Cinemas: Gachibowli
hyderabad,Aradhana Theatre: Hyderabad
hyderabad,Arjun 70MM: Kukatpally
hyderabad,Asian Cineplanet Multiplex: Kompally
hyderabad,Asian CineSquare Multiplex: Uppal
hyderabad,Asian Ganga 4K: Dilsukhnagar
hyderabad,Asian GPR Multiplex: Kukatpally
hyderabad,Asian M Cube Mall: Attapur
hyderabad,Asian Radhika Multiplex: ECIL
hyderabad,Asian Sha: Chintal
hyderabad,Asian Shahensha: Chintal
hyderabad,Bhujanga 70MM: Jeedimetla
hyderabad,BR Hitech 70mm: Madhapur
hyderabad,BVK Multiplex Vijayalakshmi: LB Nagar
hyderabad,Carnival: Ameerpet
hyderabad,Cine Town: Miyapur
hyderabad,"Cinepolis: CCPL Mall Malkajgiri, Hyderabad"
hyderabad,"Cinepolis: Manjeera Mall, Kukatpally"
hyderabad,"Cinepolis: Mantra Mall, Attapur"
hyderabad,Ganesh 70mm: Shamshabad
hyderabad,Gokul 70MM: Erragadda
hyderabad,Indra: Karmanghat
hyderabad,"INOX: GVK One, Banjara Hills"
hyderabad,INOX: Maheshwari
hyderabad,Mallikarjuna 70mm A/C DTS: Kukatpally
hyderabad,Manju Cinema: Kalasiguda
hyderabad,"Miraj Cinemas: Shalini Shivani, Hyderabad"
hyderabad,Nartaki Theatre: Alwal
hyderabad,Prasads: Hyderabad
hyderabad,"PVR Forum Sujana Mall: Kukatpally, Hyderabad"
hyderabad,"PVR ICON: Hitech, Madhapur, Hyderabad"
hyderabad,"PVR: Inorbit, Cyberabad"
hyderabad,"PVR: Irrum Manzil, Hyderabad"
hyderabad,"PVR: Musarambagh, Hyderabad"
hyderabad,"PVR: Next Galleria Mall, Panjagutta"
hyderabad,"PVR: Panjagutta, Hyderabad"
hyderabad,"PVR: RK Cineplex, Hyderabad"
hyderabad,Raghavendra 70mm: Malkajgiri
hyderabad,Rajdhani 70mm: Dilsukhnagar
hyderabad,Sandhya 70mm Dolby Atmos: RTC X Roads
hyderabad,Sensation Sunshine: Khairatabad
hyderabad,"SPI: S2 Mallapur Noma Talkies, Secunderabad"
hyderabad,Sree Ramulu 70mm: Moosapet
hyderabad,Sri Krishna 70MM: Uppal
hyderabad,Srilatha Cinema: Chanda Nagar
hyderabad,SVR`s Siva Sakthi Theatre: Kapra
hyderabad,Talluri Theatres: Kushaiguda
hyderabad,Tivoli Cinemas: Secunderabad
hyderabad,Amba Theatre: Mehdipatnam
hyderabad,BVK Multiplex Vijayalakshmi: LB Nagar
hyderabad,Prasads: Hyderabad
hyderabad,Sai Ranga: Miyapur
hyderabad,Sri Prema: Tukkuguda
hyderabad,Talluri Theatres: Kushaiguda
hyderabad,Vimal 70mm: Balanagar
hyderabad,Vyjayanthi Cinema: Nacharam
hyderabad,Amba Theatre: Mehdipatnam
hyderabad,BVK Multiplex Vijayalakshmi: LB Nagar
hyderabad,Prasads: Hyderabad
hyderabad,Sai Ranga: Miyapur
hyderabad,Sri Prema: Tukkuguda
hyderabad,Vimal 70mm: Balanagar
hyderabad,Vyjayanthi Cinema: Nacharam
hyderabad,Amba Theatre: Mehdipatnam
hyderabad,BVK Multiplex Vijayalakshmi: LB Nagar
hyderabad,Prasads: Hyderabad
hyderabad,Sai Ranga: Miyapur
hyderabad,Sri Prema: Tukkuguda
hyderabad,Vimal 70mm: Balanagar
hyderabad,Vyjayanthi Cinema: Nacharam
hyderabad,AMB Cinemas: Gachibowli
hyderabad,Amba Theatre: Mehdipatnam
hyderabad,Asian Cineplanet Multiplex: Kompally
hyderabad,Asian CineSquare Multiplex: Uppal
hyderabad,Asian Ganga 4K: Dilsukhnagar
hyderabad,Asian GPR Multiplex: Kukatpally
hyderabad,Asian Lakshmikala Cinepride: Moosapet
hyderabad,Asian M Cube Mall: Attapur
hyderabad,Asian Radhika Multiplex: ECIL
hyderabad,Asian Shahensha: Chintal
hyderabad,Asian Swapna 35mm: Katedan
hyderabad,BVK Multiplex Vijayalakshmi: LB Nagar
hyderabad,Carnival: Ameerpet
hyderabad,"Carnival: Leonia, Shameerpet"
hyderabad,"Cinepolis: CCPL Mall Malkajgiri, Hyderabad"
hyderabad,"Cinepolis: Manjeera Mall, Kukatpally"
hyderabad,"Cinepolis: Mantra Mall, Attapur"
hyderabad,"Cinepolis: Sudha Cinemas, Hyderabad"
hyderabad,Devi 70mm 4K & Dolby Atmos: RTC X Roads
hyderabad,"INOX: GVK One, Banjara Hills"
hyderabad,INOX: Maheshwari
hyderabad,Jyothi Cinema: IDA Bolaram
hyderabad,Krishna Cinema: Nagaram (Dammaiguda)
hyderabad,Lakshmi Kala Mandir: Alwal
hyderabad,Metro Cinema: Bahadurpura
hyderabad,"Miraj Cinemas: Shalini Shivani, Hyderabad"
hyderabad,"Mukta A2 Cinemas, Laxmi: Shamshabad"
hyderabad,Nagendra: Karmanghat
hyderabad,Platinum Movietime: Gachibowli
hyderabad,Prashant Cinema: Secunderabad
hyderabad,Priya Theatre: Malleypally
hyderabad,"PVR Forum Sujana Mall: Kukatpally, Hyderabad"
hyderabad,"PVR ICON: Hitech, Madhapur, Hyderabad"
hyderabad,"PVR: Inorbit, Cyberabad"
hyderabad,"PVR: Irrum Manzil, Hyderabad"
hyderabad,"PVR: Musarambagh, Hyderabad"
hyderabad,"PVR: Next Galleria Mall, Panjagutta"
hyderabad,"PVR: Panjagutta, Hyderabad"
hyderabad,Raghavendra Mini: Malkajgiri
hyderabad,Rajdhani Deluxe Theatre: Dilsukhnagar
hyderabad,Rajyalakshmi 70mm: Uppal
hyderabad,Ranga Theatre 70MM: Jeedimetla
hyderabad,Sai Ranga: Miyapur
hyderabad,Sapna Cinemas: Abids
hyderabad,Sensation Insomnia: Khairatabad
hyderabad,Sharada 70mm: Kapra
hyderabad,Shiva Parvathi Cinema: Kukatpally
hyderabad,"SPI: S2 Mallapur Noma Talkies, Secunderabad"
hyderabad,Sree Ramana Gold 4K & Dolby 7.1: Amberpet
hyderabad,Sree Sai Puja: Suraram
hyderabad,Sri Krishna Theatre: Aliabad (Shameerpet)
hyderabad,Sri Prema: Tukkuguda
hyderabad,Sri Venkata Sai 70MM: Keesara
hyderabad,Sridevi Cinema: Chanda Nagar
hyderabad,SV Cinesquare 2K Dolby: Patancheru
hyderabad,Talluri Theatres: Kushaiguda
hyderabad,Tivoli Cinemas: Secunderabad
hyderabad,Vijayalakshmi Talkies: Maheshwaram
hyderabad,Vijetha 70MM: Borabanda
hyderabad,Vimal 70mm: Balanagar
hyderabad,Vishnu Cinemas A/C DTS: Vanasthalipuram
hyderabad,Vyjayanthi Cinema: Nacharam
hyderabad,Yadagiri Theatre: Santosh Nagar
hyderabad,AMB Cinemas: Gachibowli
hyderabad,Amba Theatre: Mehdipatnam
hyderabad,Asian Cineplanet Multiplex: Kompally
hyderabad,Asian CineSquare Multiplex: Uppal
hyderabad,Asian Ganga 4K: Dilsukhnagar
hyderabad,Asian GPR Multiplex: Kukatpally
hyderabad,Asian Lakshmikala Cinepride: Moosapet
hyderabad,Asian M Cube Mall: Attapur
hyderabad,Asian Radhika Multiplex: ECIL
hyderabad,Asian Shahensha: Chintal
hyderabad,Asian Shiva 4K: Dilsukhnagar
hyderabad,BVK Multiplex Vijayalakshmi: LB Nagar
hyderabad,Carnival: Ameerpet
hyderabad,Cine Town: Miyapur
hyderabad,"Cinepolis: CCPL Mall Malkajgiri, Hyderabad"
hyderabad,"Cinepolis: Manjeera Mall, Kukatpally"
hyderabad,"Cinepolis: Mantra Mall, Attapur"
hyderabad,Devi 70mm 4K & Dolby Atmos: RTC X Roads
hyderabad,"INOX: GVK One, Banjara Hills"
hyderabad,INOX: Maheshwari
hyderabad,Jyothi Cinema: IDA Bolaram
hyderabad,Krishna Cinema: Nagaram (Dammaiguda)
hyderabad,Lakshmi Kala Mandir: Alwal
hyderabad,Metro Cinema: Bahadurpura
hyderabad,"Miraj Cinemas: Shalini Shivani, Hyderabad"
hyderabad,"Mukta A2 Cinemas, Laxmi: Shamshabad"
hyderabad,Nagendra: Karmanghat
hyderabad,Prasads: Hyderabad
hyderabad,Prashant Cinema: Secunderabad
hyderabad,Priya Theatre: Malleypally
hyderabad,"PVR Forum Sujana Mall: Kukatpally, Hyderabad"
hyderabad,"PVR ICON: Hitech, Madhapur, Hyderabad"
hyderabad,"PVR: Inorbit, Cyberabad"
hyderabad,"PVR: Irrum Manzil, Hyderabad"
hyderabad,"PVR: Musarambagh, Hyderabad"
hyderabad,"PVR: Next Galleria Mall, Panjagutta"
hyderabad,"PVR: Panjagutta, Hyderabad"
hyderabad,"PVR: RK Cineplex, Hyderabad"
hyderabad,Raghavendra Mini: Malkajgiri
hyderabad,Rajdhani Deluxe Theatre: Dilsukhnagar
hyderabad,Rajyalakshmi 70mm: Uppal
hyderabad,Ranga Theatre 70MM: Jeedimetla
hyderabad,Sai Ranga: Miyapur
hyderabad,Sapna Cinemas: Abids
hyderabad,Sensation Insomnia: Khairatabad
hyderabad,Sharada 70mm: Kapra
hyderabad,Shiva Parvathi Cinema: Kukatpally
hyderabad,"SPI: S2 Mallapur Noma Talkies, Secunderabad"
hyderabad,Sree Ramana Gold 4K & Dolby 7.1: Amberpet
hyderabad,Sree Sai Puja: Suraram
hyderabad,Sri Krishna Theatre: Aliabad (Shameerpet)
hyderabad,Sri Prema: Tukkuguda
hyderabad,Sri Venkata Sai 70MM: Keesara
hyderabad,Sridevi Cinema: Chanda Nagar
hyderabad,SV Cinesquare 2K Dolby: Patancheru
hyderabad,Talluri Theatres: Kushaiguda
hyderabad,Tivoli Cinemas: Secunderabad
hyderabad,Vijayalakshmi Talkies: Maheshwaram
hyderabad,Vijetha 70MM: Borabanda
hyderabad,Vimal 70mm: Balanagar
hyderabad,Vishnu Cinemas A/C DTS: Vanasthalipuram
hyderabad,Vyjayanthi Cinema: Nacharam
hyderabad,Yadagiri Theatre: Santosh Nagar
hyderabad,Devi 70mm 4K & Dolby Atmos: RTC X Roads
hyderabad,Prasads: Hyderabad
hyderabad,Sree Ramana Gold 4K & Dolby 7.1: Amberpet
hyderabad,Talluri Theatres: Kushaiguda
hyderabad,Vishnu Cinemas A/C DTS: Vanasthalipuram
hyderabad,Devi 70mm 4K & Dolby Atmos: RTC X Roads
hyderabad,Prasads: Hyderabad
hyderabad,Sree Ramana Gold 4K & Dolby 7.1: Amberpet
hyderabad,Vishnu Cinemas A/C DTS: Vanasthalipuram
hyderabad,Devi 70mm 4K & Dolby Atmos: RTC X Roads
hyderabad,Prasads: Hyderabad
hyderabad,Sree Ramana Gold 4K & Dolby 7.1: Amberpet
hyderabad,Vishnu Cinemas A/C DTS: Vanasthalipuram
hyderabad,AMB Cinemas: Gachibowli
hyderabad,Asian Cineplanet Multiplex: Kompally
hyderabad,Asian CineSquare Multiplex: Uppal
hyderabad,Asian Lakshmikala Cinepride: Moosapet
hyderabad,Carnival: Ameerpet
hyderabad,"Carnival: Leonia, Shameerpet"
hyderabad,"Cinepolis: CCPL Mall Malkajgiri, Hyderabad"
hyderabad,"Cinepolis: Mantra Mall, Attapur"
hyderabad,"Cinepolis: Sudha Cinemas, Hyderabad"
hyderabad,Megha Theatre: Dilsukhnagar
hyderabad,"Miraj Cinemas: Shalini Shivani, Hyderabad"
hyderabad,"PVR Forum Sujana Mall: Kukatpally, Hyderabad"
hyderabad,"PVR: Inorbit, Cyberabad"
hyderabad,"PVR: Irrum Manzil, Hyderabad"
hyderabad,"PVR: Musarambagh, Hyderabad"
hyderabad,"PVR: Next Galleria Mall, Panjagutta"
hyderabad,"PVR: Panjagutta, Hyderabad"
hyderabad,AMB Cinemas: Gachibowli
hyderabad,Asian Cineplanet Multiplex: Kompally
hyderabad,Asian CineSquare Multiplex: Uppal
hyderabad,Asian Lakshmikala Cinepride: Moosapet
hyderabad,Asian M Cube Mall: Attapur
hyderabad,BVK Multiplex Vijayalakshmi: LB Nagar
hyderabad,Carnival: Ameerpet
hyderabad,"Cinepolis: CCPL Mall Malkajgiri, Hyderabad"
hyderabad,"Cinepolis: Manjeera Mall, Kukatpally"
hyderabad,"Cinepolis: Mantra Mall, Attapur"
hyderabad,Megha Theatre: Dilsukhnagar
hyderabad,"Miraj Cinemas: Shalini Shivani, Hyderabad"
hyderabad,"PVR Forum Sujana Mall: Kukatpally, Hyderabad"
hyderabad,"PVR ICON: Hitech, Madhapur, Hyderabad"
hyderabad,"PVR: Inorbit, Cyberabad"
hyderabad,"PVR: Irrum Manzil, Hyderabad"
hyderabad,"PVR: Musarambagh, Hyderabad"
hyderabad,"PVR: Next Galleria Mall, Panjagutta"
hyderabad,"PVR: Panjagutta, Hyderabad"
hyderabad,Ganesh 70mm: Shamshabad
hyderabad,Ganesh 70mm: Shamshabad
hyderabad,Ganesh 70mm: Shamshabad
hyderabad,AMB Cinemas: Gachibowli
hyderabad,Asian Cineplanet Multiplex: Kompally
hyderabad,Asian CineSquare Multiplex: Uppal
hyderabad,Asian Lakshmikala Cinepride: Moosapet
hyderabad,Asian M Cube Mall: Attapur
hyderabad,BVK Multiplex Vijayalakshmi: LB Nagar
hyderabad,Carnival: Ameerpet
hyderabad,"Carnival: Leonia, Shameerpet"
hyderabad,Platinum Movietime: Gachibowli
hyderabad,Select Talkies: Bolaram
hyderabad,Sri Lakshmi Deluxe: Karmanghat
hyderabad,Srinivasa Talkies: Uppal
hyderabad,Sudarshan 35mm 4k & Dolby Atmos: RTC X Roads
hyderabad,Talluri Theatres: Kushaiguda
hyderabad,Viswanath 70MM Theater: Kukatpally
hyderabad,AMB Cinemas: Gachibowli
hyderabad,Asian Cineplanet Multiplex: Kompally
hyderabad,Asian CineSquare Multiplex: Uppal
hyderabad,Asian Lakshmikala Cinepride: Moosapet
hyderabad,Asian M Cube Mall: Attapur
hyderabad,BVK Multiplex Vijayalakshmi: LB Nagar
hyderabad,Carnival: Ameerpet
hyderabad,Select Talkies: Bolaram
hyderabad,Sri Lakshmi Deluxe: Karmanghat
hyderabad,Sudarshan 35mm 4k & Dolby Atmos: RTC X Roads
hyderabad,Talluri Theatres: Kushaiguda
hyderabad,Viswanath 70MM Theater: Kukatpally
hyderabad,Sudarshan 35mm 4k & Dolby Atmos: RTC X Roads
hyderabad,SV Cinesquare 2K Dolby: Patancheru
hyderabad,Talluri Theatres: Kushaiguda
hyderabad,Sudarshan 35mm 4k & Dolby Atmos: RTC X Roads
hyderabad,SV Cinesquare 2K Dolby: Patancheru
hyderabad,Sudarshan 35mm 4k & Dolby Atmos: RTC X Roads
hyderabad,SV Cinesquare 2K Dolby: Patancheru
hyderabad,"Cinepolis: Mantra Mall, Attapur"
hyderabad,"INOX: GVK One, Banjara Hills"
hyderabad,Platinum Movietime: Gachibowli
hyderabad,Prasads: Hyderabad
hyderabad,"PVR Forum Sujana Mall: Kukatpally, Hyderabad"
hyderabad,"PVR: Inorbit, Cyberabad"
hyderabad,"PVR: Musarambagh, Hyderabad"
hyderabad,"PVR: Next Galleria Mall, Panjagutta"
hyderabad,Tivoli Cinemas: Secunderabad
hyderabad,"Cinepolis: Mantra Mall, Attapur"
hyderabad,"INOX: GVK One, Banjara Hills"
hyderabad,Prasads: Hyderabad
hyderabad,"PVR Forum Sujana Mall: Kukatpally, Hyderabad"
hyderabad,"PVR: Inorbit, Cyberabad"
hyderabad,"PVR: Irrum Manzil, Hyderabad"
hyderabad,"PVR: Musarambagh, Hyderabad"
hyderabad,"PVR: Next Galleria Mall, Panjagutta"
hyderabad,Tivoli Cinemas: Secunderabad
hyderabad,"Cinepolis: Mantra Mall, Attapur"
hyderabad,"INOX: GVK One, Banjara Hills"
hyderabad,Platinum Movietime: Gachibowli
hyderabad,Prasads: Hyderabad
hyderabad,"PVR Forum Sujana Mall: Kukatpally, Hyderabad"
hyderabad,"PVR: Inorbit, Cyberabad"
hyderabad,"PVR: Musarambagh, Hyderabad"
hyderabad,"PVR: Next Galleria Mall, Panjagutta"
hyderabad,Tivoli Cinemas: Secunderabad
hyderabad,"Cinepolis: Mantra Mall, Attapur"
hyderabad,"INOX: GVK One, Banjara Hills"
hyderabad,Platinum Movietime: Gachibowli
hyderabad,Prasads: Hyderabad
hyderabad,"PVR Forum Sujana Mall: Kukatpally, Hyderabad"
hyderabad,"PVR: Inorbit, Cyberabad"
hyderabad,"PVR: Musarambagh, Hyderabad"
hyderabad,"PVR: Next Galleria Mall, Panjagutta"
hyderabad,Tivoli Cinemas: Secunderabad
hyderabad,"Cinepolis: Mantra Mall, Attapur"
hyderabad,"INOX: GVK One, Banjara Hills"
hyderabad,Platinum Movietime: Gachibowli
hyderabad,Prasads: Hyderabad
hyderabad,"PVR Forum Sujana Mall: Kukatpally, Hyderabad"
hyderabad,"PVR: Inorbit, Cyberabad"
hyderabad,"PVR: Musarambagh, Hyderabad"
hyderabad,"PVR: Next Galleria Mall, Panjagutta"
hyderabad,Tivoli Cinemas: Secunderabad
hyderabad,"INOX: GVK One, Banjara Hills"
hyderabad,"PVR Forum Sujana Mall: Kukatpally, Hyderabad"
hyderabad,"PVR: Next Galleria Mall, Panjagutta"
hyderabad,"INOX: GVK One, Banjara Hills"
hyderabad,"PVR Forum Sujana Mall: Kukatpally, Hyderabad"
hyderabad,"PVR: Next Galleria Mall, Panjagutta"
hyderabad,"INOX: GVK One, Banjara Hills"
hyderabad,"PVR Forum Sujana Mall: Kukatpally, Hyderabad"
hyderabad,"PVR: Next Galleria Mall, Panjagutta"
hyderabad,"INOX: GVK One, Banjara Hills"
hyderabad,"PVR Forum Sujana Mall: Kukatpally, Hyderabad"
hyderabad,"PVR: Next Galleria Mall, Panjagutta"
hyderabad,"INOX: GVK One, Banjara Hills"
hyderabad,"PVR Forum Sujana Mall: Kukatpally, Hyderabad"
hyderabad,"PVR: Next Galleria Mall, Panjagutta"
hyderabad,Prasads: Hyderabad
hyderabad,Prasads: Hyderabad
hyderabad,Prasads: Hyderabad
hyderabad,Prasads: Hyderabad
hyderabad,Prasads: Hyderabad
hyderabad,AMB Cinemas: Gachibowli
hyderabad,"PVR: Next Galleria Mall, Panjagutta"
hyderabad,AMB Cinemas: Gachibowli
hyderabad,"INOX: GVK One, Banjara Hills"
hyderabad,Platinum Movietime: Gachibowli
hyderabad,"PVR: Next Galleria Mall, Panjagutta"
hyderabad,AMB Cinemas: Gachibowli
hyderabad,"PVR: Next Galleria Mall, Panjagutta"
hyderabad,AMB Cinemas: Gachibowli
hyderabad,"PVR: Next Galleria Mall, Panjagutta"
hyderabad,AMB Cinemas: Gachibowli
hyderabad,"PVR: Next Galleria Mall, Panjagutta"
hyderabad,"Cinepolis: CCPL Mall Malkajgiri, Hyderabad"
hyderabad,"Cinepolis: CCPL Mall Malkajgiri, Hyderabad"
hyderabad,"PVR Forum Sujana Mall: Kukatpally, Hyderabad"
hyderabad,"Cinepolis: CCPL Mall Malkajgiri, Hyderabad"
hyderabad,"Cinepolis: CCPL Mall Malkajgiri, Hyderabad"
hyderabad,"Cinepolis: CCPL Mall Malkajgiri, Hyderabad"
hyderabad,"PVR: Play House Next Galleria Mall, Panjagutta"
hyderabad,"PVR: Play House Next Galleria Mall, Panjagutta"
hyderabad,"PVR: Play House Next Galleria Mall, Panjagutta"
hyderabad,"PVR: Play House Next Galleria Mall, Panjagutta"
hyderabad,"PVR: Play House Next Galleria Mall, Panjagutta"
hyderabad,Sapthagiri Theatre: RTC X Roads
hyderabad,Venkatadri Cinema 70MM: Dilsukhnagar
hyderabad,Sapthagiri Theatre: RTC X Roads
hyderabad,Venkatadri Cinema 70MM: Dilsukhnagar
hyderabad,Sapthagiri Theatre: RTC X Roads
hyderabad,Venkatadri Cinema 70MM: Dilsukhnagar
hyderabad,Sapthagiri Theatre: RTC X Roads
hyderabad,Venkatadri Cinema 70MM: Dilsukhnagar
hyderabad,Sapthagiri Theatre: RTC X Roads
hyderabad,Venkatadri Cinema 70MM: Dilsukhnagar
hyderabad,Prasads: Hyderabad
hyderabad,Prasads: Hyderabad
hyderabad,Prasads: Hyderabad
hyderabad,Prasads: Hyderabad
hyderabad,Prasads: Hyderabad
hyderabad,Anjali Movie Max: Secunderabad
hyderabad,Sree Sai Raja Theatre: Musheerabad
hyderabad,Anjali Movie Max: Secunderabad
hyderabad,"PVR Forum Sujana Mall: Kukatpally, Hyderabad"
hyderabad,Sree Sai Raja Theatre: Musheerabad
hyderabad,Anjali Movie Max: Secunderabad
hyderabad,Sree Sai Raja Theatre: Musheerabad
hyderabad,Anjali Movie Max: Secunderabad
hyderabad,Sree Sai Raja Theatre: Musheerabad
hyderabad,Anjali Movie Max: Secunderabad
hyderabad,Sree Sai Raja Theatre: Musheerabad
hyderabad,Prasads: Hyderabad
hyderabad,Shanti Theatre: Narayanaguda
hyderabad,Talluri Theatres: Kushaiguda
hyderabad,Prasads: Hyderabad
hyderabad,Shanti Theatre: Narayanaguda
hyderabad,Talluri Theatres: Kushaiguda
hyderabad,Prasads: Hyderabad
hyderabad,Shanti Theatre: Narayanaguda
hyderabad,Talluri Theatres: Kushaiguda
hyderabad,Prasads: Hyderabad
hyderabad,Shanti Theatre: Narayanaguda
hyderabad,Prasads: Hyderabad
hyderabad,Shanti Theatre: Narayanaguda
hyderabad,Prasads: Hyderabad
hyderabad,Prasads: Hyderabad
hyderabad,Prasads: Hyderabad
hyderabad,Prasads: Hyderabad
hyderabad,Prasads: Hyderabad
hyderabad,Shanti Theatre: Narayanaguda
hyderabad,Shanti Theatre: Narayanaguda
hyderabad,Shanti Theatre: Narayanaguda
hyderabad,Shanti Theatre: Narayanaguda
hyderabad,Shanti Theatre: Narayanaguda
hyderabad,Prasads: Hyderabad
hyderabad,Prasads: Hyderabad
hyderabad,Prasads: Hyderabad
hyderabad,Prasads: Hyderabad
hyderabad,Prasads: Hyderabad
hyderabad,Sapna Cinemas: Abids
hyderabad,Sapna Cinemas: Abids
hyderabad,Sapna Cinemas: Abids
hyderabad,Sapna Cinemas: Abids
hyderabad,Sapna Cinemas: Abids
hyderabad,Sandhya 35mm: RTC X Road
hyderabad,Sandhya 35mm: RTC X Road
hyderabad,Sandhya 35mm: RTC X Road
hyderabad,Sandhya 35mm: RTC X Road
hyderabad,Sandhya 35mm: RTC X Road
hyderabad,Shama Cinema: Hyderabad
hyderabad,Shama Cinema: Hyderabad
hyderabad,Shama Cinema: Hyderabad
hyderabad,Shama Cinema: Hyderabad
hyderabad,Shama Cinema: Hyderabad
hyderabad,Yakut Mahal Theater: Yakutpura
hyderabad,Yakut Mahal Theater: Yakutpura
hyderabad,Yakut Mahal Theater: Yakutpura
hyderabad,Yakut Mahal Theater: Yakutpura
hyderabad,Yakut Mahal Theater: Yakutpura
hyderabad,Yakut Mahal Theater: Yakutpura
hyderabad,Yakut Mahal Theater: Yakutpura
hyderabad,Yakut Mahal Theater: Yakutpura
hyderabad,Yakut Mahal Theater: Yakutpura
hyderabad,Yakut Mahal Theater: Yakutpura
