hyderabad,Avengers: Endgame
hyderabad,Jersey
hyderabad,Kanchana 3
hyderabad,Chitralahari
hyderabad,Majili
hyderabad,Kalank
hyderabad,The Tashkent Files
hyderabad,Dumbo
hyderabad,The Curse Of The Weeping Woman
hyderabad,Oru Yamandan Prema Kadha
hyderabad,How To Train Your Dragon: The Hidden World
hyderabad,Diksoochi
hyderabad,Blank
hyderabad,Idhi ChalaThakkuva
hyderabad,Nuvvu Thopu Raa
hyderabad,Setters
hyderabad,Duppatlo Minnagu
hyderabad,Geetha Chalo
hyderabad,Danger Love Story
hyderabad,Okate Life
hyderabad,Total Dhamaal
hyderabad,Romeo Akbar Walter
hyderabad,Hellboy
hyderabad,Vijayaratha 
hyderabad,1978 A Teen Night Out
hyderabad,Gunwali Dulhaniya
hyderabad,Hansa Ek Sanyog
hyderabad,Uglydolls
hyderabad,K 13
hyderabad,Lucifer (Tamil)
hyderabad,Rangupaduddi
hyderabad,Baalaa
hyderabad,Ombathane Adbutha
hyderabad,Loafers
hyderabad,Gara
hyderabad,Ikkayude Shakadam
hyderabad,Blackia
hyderabad,Jind Jaan
hyderabad,Dil Diyan Gallan
hyderabad,Bau Na Vichaar
hyderabad,Bornodi Bhotiai
hyderabad,Maharshi
hyderabad,Student Of The Year 2
hyderabad,Chhota Bheem: Kung Fu Dhamaka
hyderabad,BRIGHTBURN
hyderabad,Pokemon Detective Pikachu
hyderabad,Ayogya
hyderabad,Neeya 2
hyderabad,Nagakanya
hyderabad,Khananam
hyderabad,Sorry
hyderabad,Ek Hota Pani
hyderabad,66 Sadashiv
hyderabad,Soojidaara
hyderabad,Anushka
hyderabad,Traya
hyderabad,Khanana
hyderabad,Jeem Boom Bhaa
hyderabad,Lukan Michi
hyderabad,15 Lakh Kadon Aauga
hyderabad,Konttho
hyderabad,Jalsaghar
hyderabad,Evadu Thakkuva Kadu
hyderabad,Sindhubaadh
hyderabad,Chase
hyderabad,De De Pyaar De
hyderabad,A Dogs Journey
hyderabad,The Hustle
hyderabad,John Wick: Chapter 3 - Parabellum
hyderabad,The Sun Is Also A Star
hyderabad,Mr. Local
hyderabad,Arjun Suravaram
hyderabad,ABCD: American Born Confused Desi
hyderabad,Rampaat
hyderabad,Ratnamanjarii
hyderabad,Gangstar vs State
hyderabad,Bhoot Chaturdashi
hyderabad,Wrong Number
hyderabad,Chhoriyan Chhoron Se Kam Nai Hoti
hyderabad,India's Most Wanted
hyderabad,Aladdin
hyderabad,Chaturnath
hyderabad,Ad Astra
hyderabad,Kolaigaran
hyderabad,Burra Katha
hyderabad,Judgement
hyderabad,D/O Parvathamma
hyderabad,Rakshapurushan
hyderabad,Muklawa
hyderabad,Chandigarh Amritsar Chandigarh
hyderabad,Durgeshgorer Guptodhon
hyderabad,Godzilla 2: King of the Monsters
hyderabad,MA
hyderabad,Rocketman
hyderabad,NGK
hyderabad,Devi 2
hyderabad,Dear Comrade
hyderabad,BaBo
hyderabad,Andolan
hyderabad,Bharat
hyderabad,Rakshasudu
hyderabad,Dastaan E Miri Piri
hyderabad,Kidnap
hyderabad, X-Men: Dark Phoenix
hyderabad,Mogra Phulaalaa
hyderabad,Mental Hai Kya
hyderabad,Toy Story 4
hyderabad,Miracle
hyderabad,Kabir Singh
hyderabad,Shadaa
hyderabad,Drive
hyderabad,Annabelle Comes Home
hyderabad,Takatak
hyderabad,Adham
hyderabad,Manaroopa
hyderabad,Mindo Taseeldarni
hyderabad,Satellite Shankar
hyderabad,Spider-Man: Far From Home
hyderabad,Jabariya Jodi
hyderabad,Jai Mummy Di
hyderabad,A Biopic from the Film Industry
hyderabad,Top Gun: Maverick
hyderabad,Jaddi Sardar
hyderabad,The Lion King
hyderabad,Pal Pal Dil Ke Paas
hyderabad,Arjun Patiala
hyderabad,Smile Please
hyderabad,Super 30
hyderabad,Once Upon A Time In Hollywood
hyderabad,Hobbs and Shaw
hyderabad,Stuber
hyderabad,The New Mutants
hyderabad,Chase No Mercy to Crime
hyderabad,Dora And The Lost City Of Gold
hyderabad,Kalki
hyderabad,Artemis Fowl
hyderabad,Batla House
hyderabad,Made In China
hyderabad,Saaho
hyderabad,Ye Re Ye Re Paisa 2
hyderabad,Bayko Deta Ka Bayko
hyderabad,Naukar Vahuti Da
hyderabad,Chhichhore
hyderabad,Kaappaan
hyderabad,It: Chapter 2
hyderabad,Dream Girl
hyderabad,Spies In Disguise
hyderabad,Daaka
hyderabad,Nikka Zaildar 3
hyderabad,Abominable
hyderabad,Doorbeen
hyderabad,Gaalib
hyderabad,Rambo
hyderabad,Marjaavaan
hyderabad,The Woman In The Window
hyderabad,Joker
hyderabad,Gemini Man
hyderabad,Password
hyderabad,The Sky Is Pink
hyderabad,Jungle Cruise 
hyderabad,Pynngop
hyderabad,Maleficent 2
hyderabad,Kaithi
hyderabad,Jinde Meriye
hyderabad,ABCD 3
hyderabad,Street Dancer 3
hyderabad,Terminator
hyderabad,Frozen 2
hyderabad,Dil Bechara
hyderabad,Panipat
hyderabad,Pati Patni Aur Woh
